spec_id,event,return,max_drawdown,trades,pnl_jpy
ml_lgbm_v1,EUR_debt_crisis_2011,0.0,0.0,0,0.0
ml_lgbm_v1,abenomics_2012_2013,0.0,0.0,0,0.0
ml_lgbm_v1,SNB_shock_2015,-0.0010457672849472077,-0.04725892650508545,115,-253.8673842235404
ml_lgbm_v1,brexit_vote_2016,0.06885120121685984,-0.044251154740288845,164,49802.04329375608
ml_lgbm_v1,covid_crash_2020,-0.025781179324755987,-0.08405497364892367,389,-7236.423554693023
ml_lgbm_v1,usd_jpy_surge_2022,-0.1969673002104072,-0.23963862732813745,1157,-33190.54975410625
ml_lgbm_v1,yen_carry_unwind_2024,-0.026489355362889322,-0.029497102769960315,121,-2670.6817801282364
ml_logit_v1,EUR_debt_crisis_2011,0.0,0.0,0,0.0
ml_logit_v1,abenomics_2012_2013,0.0,0.0,0,0.0
ml_logit_v1,SNB_shock_2015,-0.013232948238271258,-0.03072533343795858,20,-14095.939999393759
ml_logit_v1,brexit_vote_2016,-0.009536190099884712,-0.03789619051476645,69,-12518.164903129105
ml_logit_v1,covid_crash_2020,0.023565785727261535,-0.04141411258958283,97,23379.920713979784
ml_logit_v1,usd_jpy_surge_2022,0.06277295496168445,-0.02346960528333697,81,62486.55669693679
ml_logit_v1,yen_carry_unwind_2024,-0.09115313623484145,-0.10151240492816993,64,-99417.3144241556
mr_rsi_bb_v1,EUR_debt_crisis_2011,0.040514278359538025,-0.05330204617749146,136,38346.24526493566
mr_rsi_bb_v1,abenomics_2012_2013,-0.12981373574258326,-0.15890943697289983,145,-110725.6617072134
mr_rsi_bb_v1,SNB_shock_2015,0.013541566650011827,-0.01134000844876304,14,6808.151045447286
mr_rsi_bb_v1,brexit_vote_2016,-0.0026755074727663475,-0.023996891671725362,21,-7196.857191559164
mr_rsi_bb_v1,covid_crash_2020,0.030882666744116216,-0.027847408416376118,36,18776.50941313565
mr_rsi_bb_v1,usd_jpy_surge_2022,-0.05037590022408045,-0.08312838403080403,176,-17303.647961933253
mr_rsi_bb_v1,yen_carry_unwind_2024,-0.030259778816448812,-0.03316501150053819,33,-10391.225235485115
mr_zscore_v1,EUR_debt_crisis_2011,-0.04693950459083018,-0.06945336550903825,144,-35428.5340098758
mr_zscore_v1,abenomics_2012_2013,-0.09859204522324583,-0.16178360194314934,177,-74753.16001182013
mr_zscore_v1,SNB_shock_2015,-0.007708212085598132,-0.016057672934913003,14,-5161.690429622235
mr_zscore_v1,brexit_vote_2016,-0.006791202836724963,-0.026720398211803054,15,-2530.2940400398675
mr_zscore_v1,covid_crash_2020,-0.06254227786056077,-0.0896195292369022,60,-22592.060364987217
mr_zscore_v1,usd_jpy_surge_2022,-0.1553324759609489,-0.1553324759609489,202,-55285.02350757861
mr_zscore_v1,yen_carry_unwind_2024,0.00905472137600083,-0.05623374135010906,43,3616.538419411806
mtf_pullback_v1,EUR_debt_crisis_2011,0.06158250549029298,-0.02130690335701413,46,53921.27145911674
mtf_pullback_v1,abenomics_2012_2013,-0.016525205624442707,-0.0500590255147072,57,-16475.1369463737
mtf_pullback_v1,SNB_shock_2015,0.0020592782370940643,-0.008254135278334518,2,2126.9667204576153
mtf_pullback_v1,brexit_vote_2016,0.007815880534814745,-0.00970273767654739,6,7751.2587028561875
mtf_pullback_v1,covid_crash_2020,-0.0025857499109990245,-0.01921029831383536,13,-2573.7598239255394
mtf_pullback_v1,usd_jpy_surge_2022,0.06058029269817378,-0.0250346991019188,53,47269.17175672985
mtf_pullback_v1,yen_carry_unwind_2024,0.010587629339972482,-0.01212480914195091,8,13810.32980692066
regime_switch_v1,EUR_debt_crisis_2011,-0.0621958371818373,-0.12226408687020573,154,-47822.15867046814
regime_switch_v1,abenomics_2012_2013,0.06271512242531085,-0.06060034587029994,195,53916.877907730945
regime_switch_v1,SNB_shock_2015,0.00723342868121879,-0.008392017056561119,4,-3786.8391097382146
regime_switch_v1,brexit_vote_2016,0.10373120015016424,-0.02387020947006835,17,55152.10654322753
regime_switch_v1,covid_crash_2020,-0.05475173137672196,-0.05642356213697863,35,-22859.076377429
regime_switch_v1,usd_jpy_surge_2022,0.04083587315140602,-0.07934760012447084,209,12732.469016729072
regime_switch_v1,yen_carry_unwind_2024,-0.0035666346593419274,-0.032565472156873,28,615.5701705103193
trend_donchian_v1,EUR_debt_crisis_2011,0.005116852235733882,-0.08645675974897138,54,17683.62140367166
trend_donchian_v1,abenomics_2012_2013,0.11248710418532526,-0.09820433019700614,68,117196.7449774329
trend_donchian_v1,SNB_shock_2015,0.03980390458600369,-0.027403582142690674,5,-18772.068705579903
trend_donchian_v1,brexit_vote_2016,-0.019982068658713326,-0.04829868869476761,9,-24751.223233433895
trend_donchian_v1,covid_crash_2020,-0.008530699442381384,-0.08078633855408324,23,972.9214527673985
trend_donchian_v1,usd_jpy_surge_2022,0.30849877666441805,-0.06908781182257384,57,176223.93779636684
trend_donchian_v1,yen_carry_unwind_2024,0.05425716496342625,-0.07276477156584771,9,57058.48874415736
trend_ema_adx_v1,EUR_debt_crisis_2011,-0.13332684057933408,-0.17671471450947351,147,-135613.83267333437
trend_ema_adx_v1,abenomics_2012_2013,0.04999099526200701,-0.10905360561607846,160,42059.75966578345
trend_ema_adx_v1,SNB_shock_2015,0.011944783996116204,-0.033463870136618,19,-7056.664185925127
trend_ema_adx_v1,brexit_vote_2016,0.01586763492861154,-0.05034911240041895,28,22195.613720453784
trend_ema_adx_v1,covid_crash_2020,0.002722475846832273,-0.06909789266037902,60,-17305.1946946645
trend_ema_adx_v1,usd_jpy_surge_2022,0.03150537017680244,-0.12214856813879649,185,17725.081410066065
trend_ema_adx_v1,yen_carry_unwind_2024,0.014825532337908509,-0.04118389321341376,16,6582.828873501265
trend_tsmom_v1,EUR_debt_crisis_2011,0.03383641867069964,-0.03392296532189443,28,47141.40557474798
trend_tsmom_v1,abenomics_2012_2013,0.06736986626990316,-0.041012611242432495,40,78966.19813812437
trend_tsmom_v1,SNB_shock_2015,0.023507828726733182,-0.0068854019508347575,3,6095.834881232765
trend_tsmom_v1,brexit_vote_2016,0.01114398038477371,-0.0220436389724038,3,-3619.3128278973745
trend_tsmom_v1,covid_crash_2020,-0.05692277159211723,-0.05759332667840611,20,-63151.20258102033
trend_tsmom_v1,usd_jpy_surge_2022,0.06267495540420898,-0.04901664035978626,53,50721.417937469385
trend_tsmom_v1,yen_carry_unwind_2024,0.015085226570603405,-0.024959278758620584,9,34832.213160931904
