spec_id,period,variant,cost_profile,halted_at,start,end,years,net_return,cagr,sharpe,sortino,max_drawdown,annual_vol,net_profit_jpy,recovery_factor,n_trades,profit_factor,win_rate,avg_win_jpy,avg_loss_jpy,payoff_ratio,expectancy_jpy,expectancy_r,max_consecutive_losses,trades_per_year,avg_bars_held,total_cost_jpy,swap_jpy,gross_mid_pnl_jpy,cost_ratio,cost_per_trade_jpy,turnover_annual,exposure_time,avg_leverage,max_leverage,psr_vs_zero,t_stat
ml_lgbm_v1,TEST,portfolio,retail_jp,2022-09-06 13:00:00+00:00,2022-01-02,2025-06-30,3.49,-0.125192,-0.037591,-0.492809,-0.63832,-0.150822,0.076733,-125192.152686,-0.805748,1165,0.939408,0.484979,3435.341922,-3443.600564,0.997602,-107.461075,-0.028441,8,333.738235,6.597425,182009.303668,-22086.417041,78903.568022,2.306731,156.231162,903.073537,0.174071,2.454689,5.000298,0.175228,-0.921962
ml_lgbm_v1,TEST,portfolio_stress_2x,stress_2x,2022-05-06 17:00:00+00:00,2022-01-02,2025-06-30,3.49,-0.128593,-0.038664,-0.732889,-0.931513,-0.150918,0.054005,-128592.735618,-0.830243,572,0.876762,0.466783,3426.427139,-3421.143546,1.001544,-224.812475,-0.052451,8,163.861176,6.398601,182053.986705,-18758.631097,72219.882184,2.520829,318.276201,492.643808,0.086278,2.618149,5.002522,0.080377,-1.371111
ml_lgbm_v1,TEST,portfolio_ibkr,ibkr,2022-03-04 15:00:00+00:00,2022-01-02,2025-06-30,3.49,-0.143033,-0.043255,-1.206483,-1.364807,-0.150475,0.037201,-143032.708196,-0.942289,253,0.697076,0.458498,2837.427223,-3446.527489,0.823271,-565.346673,-0.163374,6,72.477059,6.418972,150823.448047,-7341.7992,15132.539052,9.96683,596.140111,243.605064,0.041028,2.729898,4.990727,0.004295,-2.257123
ml_lgbm_v1,TEST,USDJPY,retail_jp,,2022-01-02,2025-06-30,3.49,0.004288,0.001226,0.052579,0.073501,-0.124352,0.070557,4287.740699,0.031558,892,1.002513,0.515695,3718.517266,-3949.606948,0.94149,4.806884,0.002138,10,255.531765,6.95852,106060.0,-3765.579435,114113.320133,0.929427,118.901345,702.25646,0.284855,1.328831,3.000238,0.53915,0.098365
ml_lgbm_v1,TEST,EURUSD,retail_jp,2023-10-03 06:00:00+00:00,2022-01-02,2025-06-30,3.49,0.023047,0.006549,0.146121,0.206662,-0.150645,0.070739,23047.387318,0.127016,1110,1.010535,0.518018,3844.746345,-4089.124787,0.940237,20.763412,0.007293,11,317.982353,6.292793,159531.372475,-35529.705418,218108.465211,0.731431,143.721957,1062.187938,0.320606,1.551692,3.004518,0.607612,0.273368
ml_lgbm_v1,TEST,EURJPY,retail_jp,2023-12-14 02:00:00+00:00,2022-01-02,2025-06-30,3.49,-0.087691,-0.025949,-0.501186,-0.640534,-0.150832,0.048405,-87690.713143,-0.541141,439,0.901695,0.480638,3812.003672,-3912.383719,0.974343,-199.751055,-0.039406,14,125.760588,6.908884,78662.5,-5068.715851,-3959.497292,,179.185649,345.823211,0.139199,1.274818,2.970893,0.169472,-0.937634
ml_lgbm_v1,TEST,GBPUSD,retail_jp,2024-08-20 14:00:00+00:00,2022-01-02,2025-06-30,3.49,-0.144891,-0.04385,-0.85998,-1.086495,-0.150334,0.050514,-144891.466384,-0.957662,529,0.851567,0.466919,3365.368283,-3461.480257,0.972234,-273.896912,-0.066194,8,151.542941,6.63138,111307.316835,-6523.086859,-27061.06269,,210.410807,506.41685,0.161006,1.550095,3.007295,0.049596,-1.608876
ml_lgbm_v1,TEST,AUDUSD,retail_jp,2022-05-11 03:00:00+00:00,2022-01-02,2025-06-30,3.49,-0.13422,-0.040447,-1.558431,-1.772854,-0.150403,0.028734,-134219.92365,-0.875719,185,0.673533,0.427027,3505.171062,-3878.570166,0.903728,-725.513101,-0.162947,6,52.997059,6.497297,48778.58204,-2296.184203,-83145.157408,,263.668011,138.24319,0.055211,1.159109,2.307346,0.000395,-2.915557
ml_lgbm_v1,FORWARD,portfolio,retail_jp,2025-10-17 01:00:00+00:00,2025-07-01,2026-09-25,1.23,-0.096858,-0.079194,-0.979115,-1.223643,-0.150052,0.070533,-96857.911607,-0.607476,453,0.873116,0.472406,3114.483321,-3193.963776,0.975115,-213.814374,-0.028284,12,366.869734,6.649007,85877.91457,-4253.678126,-6726.318911,,189.57597,1243.816975,0.211235,2.865005,5.01981,0.131712,-1.09131
ml_lgbm_v1,FORWARD,portfolio_stress_2x,stress_2x,2025-10-08 05:00:00+00:00,2025-07-01,2026-09-25,1.23,-0.135057,-0.110864,-1.517466,-1.883842,-0.150088,0.068222,-135057.259758,-0.884215,419,0.810741,0.451074,3061.122827,-3102.649887,0.986616,-322.332362,-0.079639,12,339.334257,6.680191,162311.316075,-9513.814488,36767.870805,4.414488,387.377843,1165.563187,0.198939,2.862575,5.012221,0.042412,-1.69135
ml_lgbm_v1,FORWARD,portfolio_ibkr,ibkr,2025-09-08 18:00:00+00:00,2025-07-01,2026-09-25,1.23,-0.147274,-0.121049,-2.141067,-2.38226,-0.151387,0.053182,-147274.112308,-0.968143,316,0.723369,0.471519,2584.629509,-3187.9276,0.810755,-466.057317,-0.179615,12,255.91796,6.487342,227723.851193,-4150.5116,84600.250485,2.691763,720.645099,827.988294,0.141082,2.847028,5.036024,0.002865,-2.386409
ml_lgbm_v1,FORWARD,USDJPY,retail_jp,,2025-07-01,2026-09-25,1.23,-0.023233,-0.018858,-0.178983,-0.255989,-0.103817,0.069775,-23233.239938,-0.217377,320,0.962036,0.5,3679.718733,-3824.926483,0.962036,-72.603875,-0.008145,8,259.157428,6.259375,37720.0,6351.195116,8135.564945,4.636433,117.875,996.374615,0.259254,1.860046,3.005301,0.421137,-0.199492
ml_lgbm_v1,FORWARD,EURUSD,retail_jp,,2025-07-01,2026-09-25,1.23,-0.064121,-0.052254,-0.478697,-0.657366,-0.135521,0.094259,-64120.53487,-0.444692,676,0.9483,0.497041,3500.377774,-3647.786668,0.959589,-94.852862,-0.018929,7,547.470067,6.517751,119298.406898,-18031.196623,73209.068651,1.629558,176.476933,2606.31365,0.570282,2.312335,3.01154,0.297001,-0.53355
ml_lgbm_v1,FORWARD,EURJPY,retail_jp,2026-09-16 18:00:00+00:00,2025-07-01,2026-09-25,1.23,-0.135453,-0.111193,-1.846836,-2.239412,-0.151153,0.06249,-135452.678255,-0.879855,283,0.749491,0.434629,3294.774488,-3379.437127,0.974948,-478.631372,-0.108155,8,229.19235,6.975265,67121.0,-1839.029795,-66492.648461,,237.176678,1019.514364,0.255501,2.201403,2.997691,0.015189,-2.058462
ml_lgbm_v1,FORWARD,GBPUSD,retail_jp,,2025-07-01,2026-09-25,1.23,0.011831,0.009571,0.20734,0.294088,-0.070798,0.052221,11830.978394,0.157311,192,1.033556,0.526042,3607.966403,-3874.435476,0.931224,61.619679,0.01691,6,155.494457,6.916667,49992.419658,-3894.503984,65717.902036,0.760712,260.377186,687.751118,0.171887,2.123818,3.005813,0.591129,0.231099
ml_lgbm_v1,FORWARD,AUDUSD,retail_jp,2026-03-05 15:00:00+00:00,2025-07-01,2026-09-25,1.23,-0.116569,-0.095503,-1.353152,-1.722324,-0.150755,0.070479,-116568.533206,-0.743309,348,0.828413,0.474138,3410.819675,-3712.315735,0.918785,-334.967049,-0.071577,9,281.833703,7.037356,135840.288178,-6612.322524,25884.077496,5.248025,390.345656,1001.023776,0.316982,1.647529,2.777835,0.06239,-1.508208
ml_logit_v1,TEST,portfolio,retail_jp,,2022-01-02,2025-06-30,3.49,0.015067,0.004293,0.110977,0.14733,-0.127108,0.049603,15067.052866,0.104511,514,1.015606,0.529183,3604.949162,-3989.583137,0.90359,29.313332,0.006317,9,147.245882,7.249027,69926.410683,3658.162419,81335.30113,0.85973,136.043601,311.059379,0.143919,1.192878,3.570183,0.581844,0.20762
ml_logit_v1,TEST,portfolio_stress_2x,stress_2x,2025-04-06 22:00:00+00:00,2022-01-02,2025-06-30,3.49,-0.082334,-0.024313,-0.476584,-0.598039,-0.150742,0.048984,-82333.504543,-0.505471,476,0.909698,0.506303,3441.596238,-3879.822119,0.88705,-172.969547,-0.038275,10,136.36,7.262605,130660.80149,-1374.893115,49702.190062,2.628874,274.497482,292.345026,0.134511,1.21294,3.575887,0.180566,-0.891608
ml_logit_v1,TEST,portfolio_ibkr,ibkr,2024-08-02 13:00:00+00:00,2022-01-02,2025-06-30,3.49,-0.116881,-0.034981,-0.838645,-1.013723,-0.150601,0.041322,-116881.4839,-0.746464,323,0.813762,0.513932,3076.565787,-3997.397481,0.769642,-361.862179,-0.090916,7,92.53,7.260062,214242.466483,-130.517398,97491.49998,2.19755,663.28937,200.749857,0.091326,1.183555,3.617059,0.048944,-1.568962
ml_logit_v1,TEST,USDJPY,retail_jp,,2022-01-02,2025-06-30,3.49,-0.00427,-0.001225,-0.046195,-0.061738,-0.047533,0.021475,-4270.156615,-0.08664,114,0.979755,0.5,3625.452345,-3700.367373,0.979755,-37.457514,-0.002853,6,32.657647,7.245614,9883.0,1328.90815,4283.935235,2.306991,86.692982,67.342638,0.037907,0.955501,2.918906,0.465516,-0.086423
ml_logit_v1,TEST,EURUSD,retail_jp,,2022-01-02,2025-06-30,3.49,-0.03263,-0.009458,-0.503388,-0.641157,-0.061821,0.018489,-32629.919089,-0.521206,77,0.788982,0.454545,3485.750463,-3681.694888,0.946779,-423.765183,-0.115905,6,22.058235,7.051948,12355.956415,-1784.38314,-18489.579534,,160.466966,78.696839,0.02492,1.618995,2.998157,0.1685,-0.941753
ml_logit_v1,TEST,EURJPY,retail_jp,,2022-01-02,2025-06-30,3.49,0.1069,0.029522,0.918674,1.335668,-0.075317,0.032151,106900.375699,1.261962,275,1.225358,0.581818,3632.865603,-4124.853224,0.880726,388.728639,0.08443,6,78.779412,7.356364,38225.5,4631.487735,140494.387964,0.272078,139.001818,137.708219,0.092845,0.871187,1.916937,0.95393,1.718681
ml_logit_v1,TEST,GBPUSD,retail_jp,,2022-01-02,2025-06-30,3.49,-0.023991,-0.006932,-0.653808,-0.741137,-0.044111,0.010527,-23990.588106,-0.536077,31,0.63242,0.419355,3175.060316,-3625.909568,0.875659,-773.889939,-0.185111,5,8.880588,6.129032,5678.695433,-131.99791,-18179.894763,,183.183724,24.852174,0.00872,1.279496,2.887804,0.081708,-1.223162
ml_logit_v1,TEST,AUDUSD,retail_jp,,2022-01-02,2025-06-30,3.49,-0.011152,-0.003208,-0.295075,-0.364677,-0.031584,0.010666,-11152.354056,-0.347196,24,0.767859,0.5,3074.077408,-4003.440246,0.767859,-464.681419,-0.10777,7,6.875294,7.708333,4143.206898,-246.912963,-6762.234195,,172.633621,9.16131,0.008491,0.697295,1.84454,0.284064,-0.552034
ml_logit_v1,FORWARD,portfolio,retail_jp,,2025-07-01,2026-09-25,1.23,-0.032353,-0.026284,-0.609531,-0.725163,-0.080473,0.041979,-32353.433919,-0.400707,103,0.825562,0.475728,3124.874254,-3434.67171,0.909803,-314.111009,-0.058371,7,83.416297,7.660194,14533.43628,-435.62302,-17384.374619,,141.101323,304.515909,0.089568,2.052819,4.937095,0.232254,-0.679376
ml_logit_v1,FORWARD,portfolio_stress_2x,stress_2x,,2025-07-01,2026-09-25,1.23,-0.052036,-0.042355,-0.961818,-1.120392,-0.09195,0.043721,-52035.522686,-0.564121,102,0.738514,0.45098,3194.868772,-3553.562253,0.899061,-510.152183,-0.099941,7,82.60643,7.637255,30919.60942,-1558.887866,-19557.0254,,303.133426,303.823514,0.088662,2.073474,4.945522,0.114762,-1.072032
ml_logit_v1,FORWARD,portfolio_ibkr,ibkr,,2025-07-01,2026-09-25,1.23,-0.08758,-0.07154,-1.835221,-2.030918,-0.109329,0.039763,-87579.71035,-0.798658,101,0.574889,0.415842,2819.917627,-3491.800859,0.807583,-867.125845,-0.194324,7,81.796563,7.762376,73926.863485,-1050.100914,-12602.745951,,731.949143,296.813336,0.089179,2.043513,4.819233,0.00627,-2.045516
ml_logit_v1,FORWARD,USDJPY,retail_jp,,2025-07-01,2026-09-25,1.23,-0.009901,-0.008026,-0.383082,-0.564534,-0.033265,0.020368,-9900.89147,-0.29764,39,0.862911,0.487179,3280.07637,-3611.117125,0.908327,-253.869012,-0.011681,5,31.584812,7.512821,3990.5,70.627048,-5981.018517,,102.320513,127.307934,0.037924,1.929894,2.993389,0.337665,-0.426979
ml_logit_v1,FORWARD,EURUSD,retail_jp,,2025-07-01,2026-09-25,1.23,-0.011309,-0.009168,-0.542834,-0.620367,-0.028711,0.01661,-11308.547356,-0.389607,21,0.743301,0.52381,2976.832672,-4405.370675,0.675728,-538.502255,-0.113655,3,17.007206,7.238095,3091.596765,-545.108065,-7671.842526,,147.218894,68.231821,0.019674,1.872404,2.986888,0.24761,-0.605037
ml_logit_v1,FORWARD,EURJPY,retail_jp,,2025-07-01,2026-09-25,1.23,0.009168,0.007419,0.534366,0.798612,-0.012021,0.013929,9168.222013,0.751218,26,1.293432,0.5,3108.695961,-2403.448114,1.293432,352.623924,0.058559,4,21.056541,9.384615,3431.5,262.685404,12337.036609,0.278146,131.980769,77.76573,0.031582,1.886886,2.995025,0.72368,0.595598
ml_logit_v1,FORWARD,GBPUSD,retail_jp,,2025-07-01,2026-09-25,1.23,-0.004634,-0.003754,-0.343935,-0.458785,-0.011657,0.010704,-4633.749392,-0.396922,10,0.768834,0.4,3852.83305,-3340.846932,1.15325,-463.374939,-0.110653,3,8.09867,8.1,2027.769783,-152.246301,-2453.733309,,202.776978,24.654238,0.010484,1.492963,2.386539,0.350105,-0.383346
ml_logit_v1,FORWARD,AUDUSD,retail_jp,,2025-07-01,2026-09-25,1.23,-0.025974,-0.021088,-1.364994,-1.417455,-0.032954,0.015432,-25974.182962,-0.787755,12,0.354519,0.333333,3566.468004,-5030.006872,0.709038,-2164.515247,-0.456857,4,9.718404,5.083333,3661.763795,-40.173297,-22272.24587,,305.146983,24.821952,0.007895,1.251523,2.065043,0.007727,-1.521406
mr_rsi_bb_v1,TEST,portfolio,retail_jp,2023-06-27 14:00:00+00:00,2022-01-02,2025-06-30,3.49,-0.139415,-0.0421,-0.745043,-1.004694,-0.153523,0.055386,-139414.795698,-0.893216,387,0.841556,0.444444,4305.157617,-4092.567004,1.051946,-360.24495,-0.072481,9,110.864118,8.764858,63803.034943,-8102.614574,-67509.146181,,164.865723,294.067235,0.122717,1.519443,4.827486,0.084824,-1.393847
mr_rsi_bb_v1,TEST,portfolio_stress_2x,stress_2x,2023-02-07 15:00:00+00:00,2022-01-02,2025-06-30,3.49,-0.138667,-0.041861,-0.848668,-1.147294,-0.151734,0.048602,-138667.252704,-0.900017,281,0.793019,0.430605,4390.771227,-4187.19107,1.04862,-493.477768,-0.096393,9,80.498235,8.366548,88821.38353,-10401.833612,-39444.035562,,316.090333,208.575383,0.084993,1.465134,4.834837,0.062013,-1.587713
mr_rsi_bb_v1,TEST,portfolio_ibkr,ibkr,2022-06-10 14:00:00+00:00,2022-01-02,2025-06-30,3.49,-0.142073,-0.042948,-1.411277,-1.669024,-0.153821,0.030444,-142072.899473,-0.910975,116,0.554697,0.405172,3765.42361,-4623.881292,0.814343,-1224.766375,-0.251591,9,33.230588,8.448276,71261.100062,-4528.092981,-66283.706429,,614.319828,106.172523,0.037724,1.642272,4.84373,0.002388,-2.640257
mr_rsi_bb_v1,TEST,USDJPY,retail_jp,2023-08-15 06:00:00+00:00,2022-01-02,2025-06-30,3.49,-0.150583,-0.045677,-1.625418,-2.045819,-0.150583,0.028437,-150583.128416,-1.0,97,0.487841,0.329897,4482.290443,-4523.329578,0.990927,-1552.403386,-0.354157,11,27.787647,7.793814,13157.0,-4207.029003,-133219.099412,,135.639175,88.329517,0.034695,1.456898,2.848595,0.001499,-3.040879
mr_rsi_bb_v1,TEST,EURUSD,retail_jp,,2022-01-02,2025-06-30,3.49,-0.025553,-0.007388,-0.179159,-0.2618,-0.071937,0.03916,-25553.051562,-0.338363,210,0.945471,0.480952,4386.706066,-4299.177653,1.020359,-121.681198,-0.022531,8,60.158824,9.633333,33658.199578,-6234.464281,14339.612297,2.347218,160.277141,224.919951,0.092841,1.769159,2.997454,0.369467,-0.335177
mr_rsi_bb_v1,TEST,EURJPY,retail_jp,2025-03-03 12:00:00+00:00,2022-01-02,2025-06-30,3.49,-0.144795,-0.043819,-1.30338,-1.676474,-0.150848,0.033845,-144794.751113,-0.953079,157,0.647908,0.375796,4516.037466,-4196.336343,1.076186,-922.259561,-0.20554,12,44.975882,8.101911,30010.0,-5799.077555,-108985.673558,,191.146497,141.15333,0.058424,1.544048,2.850174,0.007338,-2.438401
mr_rsi_bb_v1,TEST,GBPUSD,retail_jp,,2022-01-02,2025-06-30,3.49,0.034334,0.009718,0.248321,0.374064,-0.039732,0.036064,34334.088166,0.802265,172,1.09162,0.511628,4648.600372,-4461.223149,1.042001,199.616792,0.048536,6,49.272941,9.360465,38712.237778,-5017.814167,78064.140111,0.495903,225.07115,167.582314,0.073894,1.588437,3.004088,0.679902,0.464565
mr_rsi_bb_v1,TEST,AUDUSD,retail_jp,,2022-01-02,2025-06-30,3.49,0.101867,0.028179,0.729513,1.116168,-0.052249,0.041161,101866.902044,1.748778,224,1.206707,0.526786,5039.618347,-4649.132669,1.083991,454.762956,0.092293,8,64.169412,8.651786,72649.592675,-3576.54261,178093.037329,0.407931,324.328539,162.787296,0.088944,1.217488,2.662936,0.91566,1.364794
mr_rsi_bb_v1,FORWARD,portfolio,retail_jp,,2025-07-01,2026-09-25,1.23,-0.076615,-0.062515,-0.913678,-1.235857,-0.111733,0.068726,-76615.442334,-0.67274,276,0.861995,0.496377,3493.062739,-3993.993076,0.874579,-277.592182,-0.042845,7,223.523282,8.913043,56071.116685,-8737.891659,-11806.433991,,203.15622,834.334977,0.256278,2.227825,4.995179,0.155136,-1.018375
mr_rsi_bb_v1,FORWARD,portfolio_stress_2x,stress_2x,2026-09-16 20:00:00+00:00,2025-07-01,2026-09-25,1.23,-0.139507,-0.114571,-1.823337,-2.349816,-0.151957,0.065611,-139507.255062,-0.904786,270,0.748958,0.47037,3277.214419,-3886.108295,0.843315,-516.693537,-0.122296,7,218.66408,8.640741,115794.35264,-11740.608491,-11972.29393,,428.867973,820.12968,0.246052,2.201055,4.999937,0.022051,-2.032271
mr_rsi_bb_v1,FORWARD,portfolio_ibkr,ibkr,2026-02-17 12:00:00+00:00,2025-07-01,2026-09-25,1.23,-0.143035,-0.117512,-2.447087,-2.791785,-0.151074,0.050289,-143035.374001,-0.937912,135,0.560828,0.414815,3261.749894,-4122.700862,0.791168,-1059.521289,-0.303927,8,109.33204,9.185185,99719.53511,-4414.212099,-38901.626791,,738.663223,405.329144,0.128398,2.157169,4.916117,0.001356,-2.727495
mr_rsi_bb_v1,FORWARD,USDJPY,retail_jp,,2025-07-01,2026-09-25,1.23,-0.064597,-0.052645,-1.672637,-2.039753,-0.077038,0.02957,-64596.845302,-0.835713,56,0.545417,0.375,3690.689977,-4060.038138,0.909028,-1153.515095,-0.285523,8,45.35255,7.285714,7687.0,-2629.857348,-54279.987955,,137.267857,198.832758,0.052809,2.097259,2.996451,0.026999,-1.864302
mr_rsi_bb_v1,FORWARD,EURUSD,retail_jp,,2025-07-01,2026-09-25,1.23,0.051803,0.041751,1.040619,1.71537,-0.037879,0.03983,51802.998204,1.281345,69,1.342585,0.536232,5486.899862,-4725.384272,1.161154,750.76809,0.169091,6,55.88082,8.101449,14129.80285,-2723.78783,68656.588884,0.205804,204.779751,255.591837,0.072353,2.19972,3.00261,0.882767,1.159862
mr_rsi_bb_v1,FORWARD,EURJPY,retail_jp,,2025-07-01,2026-09-25,1.23,0.010928,0.008841,0.145671,0.204806,-0.026758,0.030038,10928.317313,0.396893,52,1.104096,0.576923,3863.703757,-4771.945245,0.809671,210.159948,0.040855,4,42.113082,8.846154,12564.5,-2064.149363,25556.966676,0.491627,241.625,190.975746,0.059539,2.2544,2.931962,0.564343,0.162363
mr_rsi_bb_v1,FORWARD,GBPUSD,retail_jp,,2025-07-01,2026-09-25,1.23,-0.022576,-0.018323,-0.539338,-0.762589,-0.071243,0.03307,-22576.340669,-0.313743,54,0.821988,0.444444,4343.68378,-4227.491713,1.027485,-418.080383,-0.088301,8,43.732816,10.074074,14385.038208,-2017.434609,-6173.867852,,266.389596,184.797047,0.070412,2.064683,2.955046,0.276732,-0.60114
mr_rsi_bb_v1,FORWARD,AUDUSD,retail_jp,,2025-07-01,2026-09-25,1.23,0.013797,0.011159,0.351549,0.502567,-0.0261,0.032912,13796.881964,0.513074,65,1.106672,0.584615,3766.731504,-4790.330193,0.78632,212.259723,0.048205,3,52.641353,10.538462,22878.878395,-1657.836135,38333.596494,0.596836,351.982745,168.899709,0.088662,1.570563,2.94959,0.652038,0.391833
mr_zscore_v1,TEST,portfolio,retail_jp,2022-10-26 07:00:00+00:00,2022-01-02,2025-06-30,3.49,-0.113414,-0.033897,-0.612615,-0.806129,-0.154237,0.054014,-113414.163831,-0.701464,250,0.830637,0.396,5618.553358,-4434.774478,1.266931,-453.656655,-0.105007,12,71.617647,20.84,29979.426238,-9275.488101,-74159.249493,,119.917705,143.726104,0.147499,1.44365,4.773751,0.123758,-1.146099
mr_zscore_v1,TEST,portfolio_stress_2x,stress_2x,2022-09-06 14:00:00+00:00,2022-01-02,2025-06-30,3.49,-0.121446,-0.036412,-0.738207,-0.942805,-0.150481,0.048581,-121446.416007,-0.780382,208,0.784962,0.384615,5541.519006,-4412.249504,1.25594,-583.877,-0.150104,12,59.585882,19.6875,50231.70322,-11696.590383,-59518.122404,,241.498573,124.694128,0.119504,1.46293,4.778044,0.079468,-1.381058
mr_zscore_v1,TEST,portfolio_ibkr,ibkr,2022-06-10 12:00:00+00:00,2022-01-02,2025-06-30,3.49,-0.115885,-0.034669,-0.874374,-1.069766,-0.151527,0.039383,-115884.606463,-0.733945,137,0.707538,0.40146,5097.332615,-4832.169516,1.054875,-845.87304,-0.237913,9,39.246471,19.291971,79894.966715,-6146.43032,-29843.209428,,583.17494,89.399112,0.078935,1.529458,4.783482,0.042614,-1.635803
mr_zscore_v1,TEST,USDJPY,retail_jp,,2022-01-02,2025-06-30,3.49,0.000371,0.000106,0.024856,0.036494,-0.096265,0.045105,370.964403,0.003753,208,1.0007,0.447115,5701.892578,-4607.869959,1.237425,1.783483,0.014072,10,59.585882,21.173077,19817.0,-14133.002784,34320.967188,0.577402,95.274038,129.97517,0.202111,1.043892,2.632497,0.518542,0.0465
mr_zscore_v1,TEST,EURUSD,retail_jp,,2022-01-02,2025-06-30,3.49,0.131236,0.035956,0.755376,1.146888,-0.066821,0.047759,131236.36422,1.67355,209,1.242817,0.478469,6717.101083,-4958.474716,1.354671,627.925188,0.117596,6,59.872353,23.650718,25453.718435,-8319.324223,165009.406878,0.154256,121.788126,159.940651,0.226847,1.303868,2.721564,0.922593,1.413179
mr_zscore_v1,TEST,EURJPY,retail_jp,,2022-01-02,2025-06-30,3.49,0.089018,0.02473,0.564453,0.905584,-0.072743,0.044948,89018.488964,1.107056,202,1.170244,0.465347,6509.632616,-4841.546083,1.344536,440.685589,0.091172,6,57.867059,19.178218,25846.5,-8980.891314,123845.880278,0.208699,127.95297,116.843163,0.177796,0.986558,2.667583,0.862252,1.055994
mr_zscore_v1,TEST,GBPUSD,retail_jp,,2022-01-02,2025-06-30,3.49,-0.006154,-0.001767,-0.019819,-0.028345,-0.055443,0.04281,-6153.653445,-0.106145,206,0.988727,0.441748,5931.035727,-4746.764388,1.24949,-29.872104,-0.000792,6,59.012941,20.582524,32433.016428,-7053.868611,33333.231594,0.972993,157.441827,139.522427,0.194603,1.132347,2.43192,0.485221,-0.037079
mr_zscore_v1,TEST,AUDUSD,retail_jp,,2022-01-02,2025-06-30,3.49,0.066011,0.018481,0.461158,0.710167,-0.055052,0.041797,66011.220995,1.117776,207,1.122012,0.47343,6194.19828,-4963.488169,1.247953,318.894787,0.06329,6,59.299412,22.642512,48515.368598,-7388.330712,121914.920304,0.397944,234.373761,108.68739,0.215109,0.899996,1.933577,0.807421,0.862747
mr_zscore_v1,FORWARD,portfolio,retail_jp,2026-09-16 11:00:00+00:00,2025-07-01,2026-09-25,1.23,-0.088259,-0.0721,-0.765434,-0.987433,-0.151177,0.092717,-88259.348958,-0.543525,291,0.883598,0.405498,5677.682184,-4382.808362,1.295444,-303.296732,-0.086627,15,235.671286,21.123711,47578.264158,-16483.94665,-24197.138151,,163.49919,638.747885,0.532358,1.975056,4.893822,0.194197,-0.853144
mr_zscore_v1,FORWARD,portfolio_stress_2x,stress_2x,2026-09-02 13:00:00+00:00,2025-07-01,2026-09-25,1.23,-0.101865,-0.08333,-0.912174,-1.163853,-0.150134,0.091042,-101864.502257,-0.642025,283,0.861081,0.413428,5396.597973,-4417.267862,1.221705,-359.945238,-0.09881,15,229.19235,20.565371,93171.29052,-26464.434285,17771.222548,5.242818,329.227175,628.847992,0.498965,1.987503,4.751734,0.15074,-1.016699
mr_zscore_v1,FORWARD,portfolio_ibkr,ibkr,2026-02-12 02:00:00+00:00,2025-07-01,2026-09-25,1.23,-0.111824,-0.091571,-1.236456,-1.520274,-0.151503,0.075239,-111823.780389,-0.705123,165,0.755718,0.412121,5087.361777,-4719.220425,1.078009,-677.719881,-0.23328,16,133.628049,21.593939,120467.629925,-12392.002679,21035.852215,5.726777,730.106848,359.525138,0.292001,1.964394,4.301537,0.075607,-1.37814
mr_zscore_v1,FORWARD,USDJPY,retail_jp,,2025-07-01,2026-09-25,1.23,0.00271,0.002194,0.03141,0.043813,-0.037383,0.039121,2710.070272,0.070312,62,1.01582,0.435484,6444.922935,-4894.367114,1.316804,43.710811,0.024161,6,50.211752,19.209677,6277.5,-4793.301132,13780.871404,0.455523,101.25,144.295643,0.154155,1.306451,2.999636,0.51394,0.035009
mr_zscore_v1,FORWARD,EURUSD,retail_jp,,2025-07-01,2026-09-25,1.23,-0.050681,-0.041247,-1.065449,-1.456734,-0.078067,0.037855,-50680.86416,-0.63403,62,0.72382,0.370968,5775.040731,-4705.302589,1.227347,-817.433293,-0.174084,7,50.211752,22.241935,9785.52464,-3971.924502,-36923.415018,,157.831043,175.171811,0.178488,1.743302,2.538594,0.121014,-1.187538
mr_zscore_v1,FORWARD,EURJPY,retail_jp,,2025-07-01,2026-09-25,1.23,0.005905,0.00478,0.137349,0.186736,-0.046687,0.040451,5905.241084,0.12244,65,1.034248,0.461538,5944.297373,-4926.39086,1.206623,90.849863,0.031183,7,52.641353,20.215385,9546.0,-3831.718205,19282.95929,0.495048,146.861538,164.91402,0.170075,1.539667,2.960546,0.560587,0.153087
mr_zscore_v1,FORWARD,GBPUSD,retail_jp,,2025-07-01,2026-09-25,1.23,-0.025402,-0.020623,-0.466929,-0.637661,-0.060985,0.042433,-25402.367374,-0.403481,69,0.866032,0.42029,5662.518161,-4740.384851,1.194527,-368.150252,-0.072035,6,55.88082,22.637681,14710.314608,-3248.615302,-7443.437464,,213.192965,160.022329,0.202174,1.470826,2.415843,0.301439,-0.520434
mr_zscore_v1,FORWARD,AUDUSD,retail_jp,,2025-07-01,2026-09-25,1.23,-0.067542,-0.055061,-1.47199,-1.849457,-0.079668,0.037754,-67541.944107,-0.836764,64,0.648208,0.359375,5410.95658,-4682.779157,1.155501,-1055.342877,-0.22711,6,51.831486,23.234375,16919.383618,-2656.217014,-47966.343476,,264.365369,120.826216,0.192467,1.145829,2.000972,0.046887,-1.640663
mtf_pullback_v1,TEST,portfolio,retail_jp,2023-05-29 11:00:00+00:00,2022-01-02,2025-06-30,3.49,-0.107384,-0.032019,-0.924527,-1.227821,-0.150267,0.032976,-107383.9004,-0.680291,134,0.740853,0.343284,6673.692916,-4708.792892,1.417283,-801.372391,-0.176565,19,38.387059,14.30597,26354.26028,-1737.170283,-79292.469837,,196.673584,99.951537,0.07586,1.42695,3.862216,0.043626,-1.729631
mtf_pullback_v1,TEST,portfolio_stress_2x,stress_2x,2023-05-29 13:00:00+00:00,2022-01-02,2025-06-30,3.49,-0.123828,-0.037161,-1.092332,-1.429372,-0.150088,0.03275,-123828.082389,-0.800306,135,0.706499,0.340741,6479.809942,-4740.442019,1.366921,-917.245055,-0.198551,16,38.673529,13.911111,53399.40251,-4943.101741,-65485.578139,,395.55113,101.207855,0.074254,1.425791,3.950989,0.021787,-2.043566
mtf_pullback_v1,TEST,portfolio_ibkr,ibkr,2023-04-28 01:00:00+00:00,2022-01-02,2025-06-30,3.49,-0.134086,-0.040404,-1.231128,-1.559232,-0.150341,0.031746,-134086.353677,-0.87514,121,0.663277,0.363636,6002.791552,-5171.547818,1.160734,-1108.151683,-0.247669,12,34.662941,15.0,83843.048515,-3394.080797,-46849.224365,,692.917756,88.678956,0.07173,1.404518,4.078086,0.010376,-2.30323
mtf_pullback_v1,TEST,USDJPY,retail_jp,,2022-01-02,2025-06-30,3.49,0.035538,0.010054,0.491001,0.761299,-0.038062,0.020759,35537.656755,0.895903,42,1.340825,0.47619,6990.361342,-4739.525913,1.474907,846.134685,0.197869,4,12.031765,17.785714,5276.5,3705.837876,37108.318879,0.142192,125.630952,36.54937,0.034282,1.57615,2.973401,0.823632,0.918578
mtf_pullback_v1,TEST,EURUSD,retail_jp,,2022-01-02,2025-06-30,3.49,-0.070409,-0.020698,-1.130368,-1.488598,-0.086618,0.018306,-70408.950165,-0.806955,40,0.495642,0.25,6919.212959,-4653.369325,1.486925,-1760.223754,-0.382421,11,11.458824,19.5,6936.331708,-2416.656274,-61055.962184,,173.408293,40.962186,0.035796,1.677444,2.958072,0.019975,-2.114725
mtf_pullback_v1,TEST,EURJPY,retail_jp,,2022-01-02,2025-06-30,3.49,0.037962,0.010731,0.357862,0.544043,-0.059698,0.031097,37962.190138,0.602245,102,1.134155,0.431373,7293.980611,-4878.844082,1.495022,372.178335,0.08123,8,29.22,12.392157,22767.5,4339.010874,56390.679264,0.403746,223.210784,88.597633,0.058011,1.508456,2.880037,0.749654,0.669499
mtf_pullback_v1,TEST,GBPUSD,retail_jp,,2022-01-02,2025-06-30,3.49,-0.040795,-0.011861,-0.681663,-0.868472,-0.058123,0.017239,-40795.007861,-0.689199,44,0.668795,0.409091,4576.462864,-4737.359208,0.966037,-927.15927,-0.195117,6,12.604706,10.0,8784.33739,-1125.217095,-30885.453375,,199.644032,41.079468,0.020195,1.593455,2.911577,0.097008,-1.275275
mtf_pullback_v1,TEST,AUDUSD,retail_jp,,2022-01-02,2025-06-30,3.49,-0.091908,-0.027241,-0.765562,-1.071182,-0.137459,0.033391,-91907.773209,-0.661255,111,0.731534,0.342342,6590.418647,-4689.639477,1.405315,-827.997957,-0.177927,13,31.798235,14.504505,34673.564488,-3208.252812,-54025.95591,,312.374455,82.471981,0.07389,1.29605,2.078175,0.078051,-1.432235
mtf_pullback_v1,FORWARD,portfolio,retail_jp,,2025-07-01,2026-09-25,1.23,-0.084803,-0.069252,-1.300417,-1.688952,-0.099687,0.053737,-84802.578836,-0.836853,103,0.721003,0.368932,5767.173358,-4676.23333,1.233295,-823.326008,-0.170153,9,83.416297,15.92233,31300.228473,-2979.011353,-50523.33901,,303.885713,317.120886,0.201268,2.024699,4.94435,0.07186,-1.44943
mtf_pullback_v1,FORWARD,portfolio_stress_2x,stress_2x,2026-09-10 16:00:00+00:00,2025-07-01,2026-09-25,1.23,-0.136828,-0.112338,-2.249515,-2.741187,-0.150305,0.052039,-136827.598199,-0.896117,102,0.565996,0.313725,5576.255818,-4503.825491,1.238115,-1341.447041,-0.321135,9,82.60643,13.519608,60127.805355,-5537.834987,-71161.957857,,589.488288,312.072228,0.16891,1.992414,4.964005,0.005022,-2.507284
mtf_pullback_v1,FORWARD,portfolio_ibkr,ibkr,2026-09-14 08:00:00+00:00,2025-07-01,2026-09-25,1.23,-0.142098,-0.11673,-2.218545,-2.680346,-0.15057,0.054917,-142097.891618,-0.934412,102,0.566892,0.372549,4894.489985,-5126.382985,0.954765,-1393.116584,-0.340784,9,82.60643,16.009804,89115.948885,-5018.626314,-47963.316419,,873.685773,312.601754,0.200492,2.030401,4.955426,0.005192,-2.472765
mtf_pullback_v1,FORWARD,USDJPY,retail_jp,,2025-07-01,2026-09-25,1.23,0.004895,0.003962,0.180627,0.251492,-0.026,0.023253,4894.710518,0.18534,13,1.142386,0.461538,6545.189069,-4910.917699,1.332783,376.516194,0.145139,5,10.528271,23.923077,1156.5,-345.35851,6396.569028,0.1808,88.961538,35.99652,0.040254,1.882291,2.903433,0.579367,0.201325
mtf_pullback_v1,FORWARD,EURUSD,retail_jp,,2025-07-01,2026-09-25,1.23,-0.014289,-0.011588,-0.51336,-0.706027,-0.03011,0.022093,-14289.459062,-0.471082,15,0.71249,0.333333,7082.267449,-4970.079631,1.424981,-952.630604,-0.201821,5,12.148004,19.0,2699.742493,-1528.380844,-10061.335725,,179.982833,52.251067,0.036888,2.1938,3.010909,0.285164,-0.572185
mtf_pullback_v1,FORWARD,EURJPY,retail_jp,,2025-07-01,2026-09-25,1.23,-0.007097,-0.005752,-0.190991,-0.283678,-0.023009,0.027976,-7096.984334,-0.303496,34,0.927705,0.411765,6505.045459,-4908.381038,1.325293,-208.734833,-0.035331,3,27.535477,17.617647,14199.5,-295.987589,7398.503255,1.91924,417.632353,126.474242,0.07753,2.223981,2.976309,0.416184,-0.212877
mtf_pullback_v1,FORWARD,GBPUSD,retail_jp,,2025-07-01,2026-09-25,1.23,-0.005468,-0.004431,-0.347508,-0.443945,-0.016567,0.012478,-5468.395611,-0.330076,9,0.772972,0.444444,4654.610464,-4817.367494,0.966215,-607.599512,-0.122231,3,7.288803,7.555556,2070.52671,-152.095436,-3245.773466,,230.058523,31.083247,0.008801,2.130202,2.830692,0.347027,-0.387328
mtf_pullback_v1,FORWARD,AUDUSD,retail_jp,,2025-07-01,2026-09-25,1.23,-0.060004,-0.04888,-1.566582,-1.89092,-0.076831,0.031477,-60004.412694,-0.773849,33,0.493361,0.30303,5843.175617,-5149.398646,1.13473,-1818.315536,-0.382094,6,26.72561,12.333333,13697.712203,-1073.75487,-45232.945622,,415.082188,90.89002,0.052679,1.541414,2.487512,0.032896,-1.746094
regime_switch_v1,TEST,portfolio,retail_jp,2023-03-29 12:00:00+00:00,2022-01-02,2025-06-30,3.49,-0.065136,-0.01911,-0.186434,-0.273618,-0.15132,0.078956,-65136.118525,-0.390771,410,0.94068,0.358537,7026.649009,-4175.108452,1.682986,-158.868582,-0.035291,10,117.452941,18.409756,68278.152848,-11435.015635,14577.049957,4.683949,166.53208,284.046289,0.227719,1.66115,4.764128,0.364317,-0.348785
regime_switch_v1,TEST,portfolio_stress_2x,stress_2x,2023-03-01 07:00:00+00:00,2022-01-02,2025-06-30,3.49,-0.084515,-0.024979,-0.267777,-0.384356,-0.150109,0.077532,-84515.210281,-0.522685,382,0.916687,0.358639,6787.711698,-4140.537604,1.639331,-221.244006,-0.047559,10,109.431765,18.15445,125315.9803,-22579.257184,63380.027203,1.977216,328.052304,265.016674,0.209683,1.650229,4.816022,0.309171,-0.500964
regime_switch_v1,TEST,portfolio_ibkr,ibkr,2022-11-10 14:00:00+00:00,2022-01-02,2025-06-30,3.49,-0.105438,-0.031415,-0.404914,-0.565936,-0.154173,0.06897,-105437.685685,-0.646636,261,0.853671,0.360153,6543.773901,-4314.685224,1.516628,-403.975807,-0.092913,10,74.768824,18.095785,170200.539615,-9499.13,74261.983931,2.291893,652.109347,191.125277,0.148967,1.659635,4.915967,0.226024,-0.757525
regime_switch_v1,TEST,USDJPY,retail_jp,,2022-01-02,2025-06-30,3.49,-0.035999,-0.010448,-0.116222,-0.181144,-0.129996,0.061647,-35998.97916,-0.251247,273,0.955118,0.347985,8064.064218,-4506.095954,1.78959,-131.864393,-0.025145,10,78.206471,20.593407,38272.5,2133.098439,140.422401,272.552667,140.192308,226.32,0.258008,1.326225,3.01084,0.414309,-0.217432
regime_switch_v1,TEST,EURUSD,retail_jp,,2022-01-02,2025-06-30,3.49,0.037074,0.010483,0.212026,0.332066,-0.093592,0.056585,37074.288837,0.369851,258,1.054194,0.368217,7591.282816,-4196.91766,1.808776,143.698794,0.03113,13,73.909412,21.527132,39757.625025,-12741.767666,89573.681528,0.443854,154.099322,247.423894,0.254888,1.576927,3.0031,0.654833,0.396665
regime_switch_v1,TEST,EURJPY,retail_jp,,2022-01-02,2025-06-30,3.49,-0.108328,-0.032312,-0.544175,-0.793619,-0.124748,0.057197,-108328.435133,-0.854457,273,0.847632,0.340659,6479.994676,-3949.821889,1.640579,-396.807455,-0.085711,14,78.206471,25.230769,45575.5,-5684.594151,-57068.340982,,166.943223,202.10071,0.316123,1.15559,2.952542,0.157217,-1.018059
regime_switch_v1,TEST,GBPUSD,retail_jp,,2022-01-02,2025-06-30,3.49,-0.050538,-0.014747,-0.285598,-0.416737,-0.070528,0.047876,-50538.154124,-0.70173,212,0.909155,0.377358,6322.153282,-4214.472853,1.500105,-238.387519,-0.052637,9,60.731765,20.811321,46332.855008,-10262.542412,6057.243295,7.649165,218.551203,192.112513,0.202497,1.474793,2.993883,0.297756,-0.534304
regime_switch_v1,TEST,AUDUSD,retail_jp,,2022-01-02,2025-06-30,3.49,-0.085127,-0.025165,-0.463167,-0.691705,-0.148553,0.051972,-85126.636937,-0.548866,256,0.877543,0.378906,6288.973174,-4372.056823,1.438447,-332.525926,-0.067463,7,73.336471,18.199219,74781.604948,-6530.204249,-3814.82774,,292.115644,174.514083,0.213823,1.103341,2.674149,0.196094,-0.866506
regime_switch_v1,FORWARD,portfolio,retail_jp,2026-02-23 09:00:00+00:00,2025-07-01,2026-09-25,1.23,-0.137887,-0.113221,-1.267483,-1.705096,-0.150667,0.09204,-137887.387039,-0.901615,195,0.719521,0.297436,6098.731754,-3588.422108,1.699558,-707.114805,-0.157089,17,157.924058,25.610256,34701.690135,-7746.199054,-95439.49785,,177.957385,510.328298,0.389852,2.234082,5.011632,0.08359,-1.412722
regime_switch_v1,FORWARD,portfolio_stress_2x,stress_2x,2025-12-29 08:00:00+00:00,2025-07-01,2026-09-25,1.23,-0.147555,-0.121283,-1.651123,-2.067477,-0.151231,0.076763,-147554.600002,-0.971484,152,0.629446,0.296053,5569.886099,-3721.490415,1.496682,-970.753947,-0.195088,12,123.099778,25.888158,62224.43352,-14521.931748,-70808.234733,,409.371273,407.649975,0.311416,2.245842,5.009805,0.032967,-1.840323
regime_switch_v1,FORWARD,portfolio_ibkr,ibkr,2025-09-30 04:00:00+00:00,2025-07-01,2026-09-25,1.23,-0.149129,-0.122597,-2.059279,-2.381176,-0.152701,0.062432,-149128.70131,-0.972508,80,0.423277,0.225,6080.584847,-4170.632719,1.457953,-1864.108766,-0.505379,17,64.789357,25.075,59423.922877,-5406.253646,-84298.524787,,742.799036,217.364996,0.162827,2.195745,4.98327,0.005489,-2.295248
regime_switch_v1,FORWARD,USDJPY,retail_jp,2026-07-23 13:00:00+00:00,2025-07-01,2026-09-25,1.23,-0.136064,-0.111703,-2.08147,-2.620456,-0.152828,0.054064,-136064.350516,-0.873034,89,0.481716,0.224719,6323.207528,-3804.760885,1.66192,-1528.812927,-0.390171,11,72.07816,18.224719,12026.5,-2226.376654,-121811.473862,,135.129213,282.365123,0.20994,1.622856,2.994022,0.009798,-2.319982
regime_switch_v1,FORWARD,EURUSD,retail_jp,,2025-07-01,2026-09-25,1.23,-0.029082,-0.023618,-0.398228,-0.603648,-0.060659,0.056782,-29081.683978,-0.47171,93,0.880491,0.354839,6492.798003,-4055.733635,1.600894,-312.706279,-0.054213,8,75.317627,21.860215,15510.310635,-8367.496447,-5203.876896,,166.777534,296.504716,0.263137,1.871921,2.924281,0.330589,-0.44386
regime_switch_v1,FORWARD,EURJPY,retail_jp,,2025-07-01,2026-09-25,1.23,-0.072799,-0.059378,-0.901408,-1.469577,-0.114041,0.070352,-72799.216646,-0.621091,97,0.754163,0.309278,7444.289809,-4419.819566,1.684297,-750.507388,-0.152383,7,78.557095,24.123711,22257.5,-4122.738103,-46418.978543,,229.458763,311.821303,0.302873,1.71786,2.977097,0.181345,-1.004699
regime_switch_v1,FORWARD,GBPUSD,retail_jp,,2025-07-01,2026-09-25,1.23,-0.039885,-0.032426,-0.481844,-0.76724,-0.100918,0.056347,-39884.781242,-0.375675,73,0.82506,0.342466,7524.23934,-4749.807599,1.584115,-546.366866,-0.107171,8,59.120288,21.986301,19954.048913,-3842.638341,-16088.093989,,273.343136,219.962419,0.20774,1.636209,2.862019,0.300928,-0.537058
regime_switch_v1,FORWARD,AUDUSD,retail_jp,,2025-07-01,2026-09-25,1.23,0.007149,0.005786,0.132578,0.199814,-0.080651,0.054334,7148.846376,0.086029,89,1.032908,0.426966,5904.830669,-4259.504295,1.386272,80.324117,0.016986,17,72.07816,24.033708,32825.286238,-4383.705322,44357.837935,0.740011,368.823441,213.062925,0.276857,1.342632,2.433067,0.558798,0.14777
trend_donchian_v1,TEST,portfolio,retail_jp,2023-02-02 10:00:00+00:00,2022-01-02,2025-06-30,3.49,0.167506,0.045364,0.559378,0.828663,-0.150853,0.088614,167505.823805,0.807608,112,1.483656,0.339286,13522.069108,-4680.173004,2.889224,1495.587713,0.397637,15,32.084706,140.151786,12359.450378,-12083.705924,191948.980106,0.064389,110.352236,44.380626,0.295916,1.661068,3.849035,0.851806,1.046501
trend_donchian_v1,TEST,portfolio_stress_2x,stress_2x,2023-01-06 15:00:00+00:00,2022-01-02,2025-06-30,3.49,0.134621,0.036843,0.477899,0.698496,-0.150151,0.086276,134620.553605,0.671541,106,1.407662,0.330189,13281.32879,-4651.069775,2.855543,1270.005223,0.351733,9,30.365882,136.801887,28078.838,-26360.834081,189060.225686,0.148518,264.894698,41.889197,0.275218,1.683846,3.862862,0.813333,0.894067
trend_donchian_v1,TEST,portfolio_ibkr,ibkr,2023-01-06 15:00:00+00:00,2022-01-02,2025-06-30,3.49,0.12847,0.03523,0.456121,0.667596,-0.150893,0.087404,128469.990179,0.640626,103,1.382404,0.330097,13659.523794,-4868.895925,2.805466,1247.281458,0.344071,9,29.506471,141.349515,63232.127372,-17900.475403,209602.592954,0.301676,613.904149,40.728886,0.275218,1.683663,3.871146,0.802602,0.853325
trend_donchian_v1,TEST,USDJPY,retail_jp,,2022-01-02,2025-06-30,3.49,0.133513,0.036553,0.475332,0.679428,-0.119188,0.086066,133512.692659,0.870455,101,1.337628,0.237624,22039.848131,-5135.63198,4.291555,1321.907848,0.288834,15,28.933529,113.881188,12368.5,22598.266245,123282.926415,0.100326,122.460396,59.645217,0.527857,1.036599,2.921646,0.810858,0.889265
trend_donchian_v1,TEST,EURUSD,retail_jp,2024-06-17 13:00:00+00:00,2022-01-02,2025-06-30,3.49,-0.104445,-0.031107,-0.571564,-0.834771,-0.150102,0.052714,-104444.527001,-0.660347,80,0.632066,0.1875,11961.557299,-4367.198254,2.738954,-1305.556588,-0.295381,20,22.917647,97.475,8639.13088,-9340.244375,-86465.151746,,107.989136,55.444577,0.357916,1.132577,2.297062,0.145221,-1.069298
trend_donchian_v1,TEST,EURJPY,retail_jp,,2022-01-02,2025-06-30,3.49,0.002703,0.000773,0.039437,0.058096,-0.099851,0.043423,2702.56265,0.025368,137,1.008493,0.335766,6976.188475,-3496.726453,1.995063,19.726735,0.008325,11,39.246471,106.686131,8885.5,-2270.208479,13858.271128,0.641169,64.857664,41.464866,0.670797,0.534235,1.168867,0.5294,0.073781
trend_donchian_v1,TEST,GBPUSD,retail_jp,,2022-01-02,2025-06-30,3.49,-0.009829,-0.002826,-0.055022,-0.078679,-0.088946,0.038112,-9829.241908,-0.102138,80,0.948716,0.325,6993.588027,-3549.306123,1.97041,-122.865524,-0.023154,9,22.917647,180.8875,7291.275873,-11967.397814,9429.431778,0.773247,91.140948,27.989408,0.664173,0.565453,1.219382,0.459047,-0.102936
trend_donchian_v1,TEST,AUDUSD,retail_jp,2024-04-02 01:00:00+00:00,2022-01-02,2025-06-30,3.49,-0.14645,-0.04435,-0.963435,-1.31262,-0.150667,0.045866,-146450.465126,-0.967214,75,0.428035,0.226667,6446.916039,-4414.621341,1.460355,-1952.672868,-0.443758,10,21.485294,100.506667,14175.992075,-7065.928066,-125208.544985,,189.013228,34.391638,0.346,0.713195,1.352101,0.036735,-1.802421
trend_donchian_v1,FORWARD,portfolio,retail_jp,2025-10-28 00:00:00+00:00,2025-07-01,2026-09-25,1.23,-0.136032,-0.111675,-1.698604,-2.053844,-0.150224,0.068242,-136031.550947,-0.890649,52,0.158152,0.173077,2839.478427,-3757.833879,0.755616,-2615.991364,-0.653162,14,42.113082,67.865385,6821.08796,-1223.976744,-127986.486242,,131.174768,84.388933,0.23065,1.82498,3.463229,0.024223,-1.893245
trend_donchian_v1,FORWARD,portfolio_stress_2x,stress_2x,2025-10-19 22:00:00+00:00,2025-07-01,2026-09-25,1.23,-0.136759,-0.112281,-1.69316,-2.040866,-0.150132,0.06868,-136759.059999,-0.896812,48,0.125028,0.125,3257.003528,-3721.454314,0.875196,-2849.147083,-0.714557,26,38.873614,70.145833,12404.33786,-5608.632796,-118746.089343,,258.423705,77.218654,0.216153,1.874332,3.480944,0.024295,-1.887176
trend_donchian_v1,FORWARD,portfolio_ibkr,ibkr,2025-09-30 07:00:00+00:00,2025-07-01,2026-09-25,1.23,-0.139812,-0.114825,-1.883837,-2.213744,-0.151038,0.063207,-139812.430966,-0.9136,41,0.065256,0.097561,2440.11963,-4042.511067,0.603615,-3410.059292,-0.841113,26,33.204545,68.243902,28340.540308,-3523.896841,-107947.993817,,691.23269,68.348085,0.178359,1.874474,3.442119,0.012828,-2.099703
trend_donchian_v1,FORWARD,USDJPY,retail_jp,,2025-07-01,2026-09-25,1.23,-0.012062,-0.00978,-0.146026,-0.202997,-0.062976,0.060735,-12062.260868,-0.188144,33,0.887046,0.272727,10525.25985,-4449.566647,2.365457,-365.523057,-0.065599,8,26.72561,102.181818,2790.5,11476.491348,-20748.252215,,84.560606,68.19911,0.436448,1.300769,2.965759,0.435444,-0.162759
trend_donchian_v1,FORWARD,EURUSD,retail_jp,,2025-07-01,2026-09-25,1.23,-0.07951,-0.064895,-1.109948,-1.581125,-0.113161,0.058933,-79510.062129,-0.697211,40,0.43784,0.2,7740.828466,-4419.896558,1.75136,-1987.751553,-0.44479,15,32.394678,78.45,5698.21079,-5949.765007,-67862.086333,,142.45527,101.611702,0.406161,1.580149,2.473412,0.113701,-1.237135
trend_donchian_v1,FORWARD,EURJPY,retail_jp,,2025-07-01,2026-09-25,1.23,-0.014582,-0.011826,-0.211971,-0.341508,-0.080593,0.049941,-14582.427488,-0.179496,49,0.870682,0.306122,6545.431631,-3316.585351,1.973545,-297.600561,-0.06876,8,39.683481,108.530612,4590.5,-2813.583589,-7178.343899,,93.683673,68.381792,0.688325,0.870131,1.555571,0.407961,-0.236261
trend_donchian_v1,FORWARD,GBPUSD,retail_jp,,2025-07-01,2026-09-25,1.23,-0.027119,-0.02202,-0.58821,-0.86326,-0.054654,0.034259,-27118.998903,-0.492826,29,0.599572,0.344828,4060.605976,-3564.476772,1.139187,-935.137893,-0.203603,6,23.486142,168.241379,2392.449935,-4390.874292,-20335.674676,,82.498274,34.113307,0.631504,0.668558,1.128703,0.258917,-0.655612
trend_donchian_v1,FORWARD,AUDUSD,retail_jp,,2025-07-01,2026-09-25,1.23,-0.119835,-0.098212,-1.720295,-2.374726,-0.125619,0.058077,-119834.819271,-0.953954,49,0.359266,0.122449,11198.762868,-4349.474337,2.574739,-2445.608557,-0.536212,13,39.683481,74.244898,12920.376605,-5897.059051,-101017.383615,,263.681155,87.565743,0.470878,1.108025,1.771603,0.032761,-1.917421
trend_ema_adx_v1,TEST,portfolio,retail_jp,2022-12-19 16:00:00+00:00,2022-01-02,2025-06-30,3.49,-0.058656,-0.017167,-0.210582,-0.328019,-0.152241,0.069231,-58655.920331,-0.34698,279,0.914237,0.293907,7625.253906,-3471.709343,2.196398,-210.236274,-0.04937,18,79.925294,28.37276,42417.44339,-10493.3133,-5745.163641,,152.033847,169.572609,0.215971,1.658027,4.642143,0.348223,-0.393962
trend_ema_adx_v1,TEST,portfolio_stress_2x,stress_2x,2022-11-01 21:00:00+00:00,2022-01-02,2025-06-30,3.49,-0.078411,-0.023121,-0.317885,-0.472352,-0.150181,0.065461,-78411.336325,-0.481452,240,0.868416,0.283333,7610.179657,-3464.555541,2.196582,-326.713901,-0.078909,21,68.752941,27.120833,74665.61696,-18132.445563,14386.726198,5.189896,311.106737,152.524214,0.183983,1.673548,4.656907,0.278163,-0.594707
trend_ema_adx_v1,TEST,portfolio_ibkr,ibkr,2022-09-20 11:00:00+00:00,2022-01-02,2025-06-30,3.49,-0.120886,-0.036236,-0.568021,-0.836978,-0.153521,0.060894,-120885.714771,-0.75819,203,0.782154,0.256158,8346.669395,-3674.917373,2.271254,-595.496132,-0.153403,16,58.153529,27.399015,129474.75212,-12480.670996,21069.708345,6.145066,637.806661,136.425061,0.156677,1.759765,4.675051,0.149029,-1.06267
trend_ema_adx_v1,TEST,USDJPY,retail_jp,,2022-01-02,2025-06-30,3.49,0.178879,0.048272,0.767215,1.380952,-0.081236,0.063941,178879.175318,1.836312,245,1.288381,0.342857,9513.888887,-3852.717337,2.469397,730.119083,0.148138,11,70.185294,31.518367,33877.5,-4982.465462,217739.14078,0.155588,138.27551,160.703405,0.354383,1.17421,2.909978,0.930964,1.435328
trend_ema_adx_v1,TEST,EURUSD,retail_jp,,2022-01-02,2025-06-30,3.49,-0.076888,-0.022658,-0.430629,-0.676841,-0.102025,0.050169,-76888.179284,-0.747106,184,0.828883,0.298913,6771.694956,-3483.189162,1.944108,-417.87054,-0.083058,12,52.710588,28.527174,23344.605175,-10562.088443,-42981.485665,,126.872854,140.850588,0.24089,1.27579,2.937695,0.214968,-0.805634
trend_ema_adx_v1,TEST,EURJPY,retail_jp,2025-04-22 18:00:00+00:00,2022-01-02,2025-06-30,3.49,-0.149051,-0.045184,-0.834815,-1.24938,-0.150479,0.053524,-149050.699023,-0.98885,245,0.729342,0.297959,5502.016618,-3201.732047,1.71845,-608.3702,-0.143568,12,70.185294,28.853061,39953.5,-10020.035601,-99077.163422,,163.07551,155.010293,0.324476,1.087072,2.645102,0.063985,-1.561795
trend_ema_adx_v1,TEST,GBPUSD,retail_jp,,2022-01-02,2025-06-30,3.49,-0.056224,-0.01644,-0.342665,-0.573893,-0.109103,0.045274,-56223.587118,-0.50985,153,0.841863,0.333333,5868.894206,-3485.658741,1.683726,-367.474426,-0.075752,7,43.83,27.627451,30395.259128,-8086.80689,-17741.521101,,198.661824,116.011018,0.194006,1.269819,2.895561,0.266705,-0.641068
trend_ema_adx_v1,TEST,AUDUSD,retail_jp,2024-06-24 07:00:00+00:00,2022-01-02,2025-06-30,3.49,-0.100578,-0.02991,-0.703542,-1.054144,-0.15002,0.041397,-100578.4775,-0.633579,146,0.71956,0.308219,5734.831024,-3550.949243,1.615014,-688.893682,-0.149886,9,41.824706,30.09589,37658.88465,-5797.79439,-57121.79846,,257.937566,80.884953,0.201661,0.912352,1.819047,0.099879,-1.316206
trend_ema_adx_v1,FORWARD,portfolio,retail_jp,2026-07-14 07:00:00+00:00,2025-07-01,2026-09-25,1.23,-0.034601,-0.028116,-0.178766,-0.297683,-0.150124,0.119185,-34600.987008,-0.202903,303,0.949725,0.30363,7104.64033,-3261.743589,2.178173,-114.194677,0.00738,10,245.38969,31.250825,64506.102203,-10926.105514,40831.220709,1.579823,212.891426,734.763693,0.685607,2.50037,5.007994,0.421706,-0.199251
trend_ema_adx_v1,FORWARD,portfolio_stress_2x,stress_2x,2026-06-05 12:00:00+00:00,2025-07-01,2026-09-25,1.23,-0.106545,-0.087201,-0.755631,-1.214595,-0.150521,0.111797,-106545.389371,-0.673002,275,0.831163,0.287273,6639.351478,-3219.664062,2.062126,-387.43778,-0.069013,10,222.713415,29.701818,132833.06205,-26868.163145,53155.835824,2.498937,483.029317,656.02942,0.606523,2.432981,5.030962,0.208085,-0.842218
trend_ema_adx_v1,FORWARD,portfolio_ibkr,ibkr,2026-05-10 21:00:00+00:00,2025-07-01,2026-09-25,1.23,-0.133035,-0.109181,-0.944081,-1.453117,-0.158746,0.114772,-133035.326105,-0.813184,244,0.785936,0.307377,6512.54208,-3677.372675,1.770977,-545.226746,-0.13438,11,197.607539,32.372951,187663.696138,-17847.11611,72475.486143,2.58934,769.113509,578.002079,0.566917,2.482694,5.023655,0.155318,-1.052262
trend_ema_adx_v1,FORWARD,USDJPY,retail_jp,,2025-07-01,2026-09-25,1.23,-0.001863,-0.001509,0.005036,0.008438,-0.063145,0.060288,-1863.48042,-0.028117,87,0.991048,0.321839,7367.802253,-3528.168534,2.08828,-21.419315,0.008307,9,70.458426,30.54023,13878.0,-959.2882,12973.807781,1.069694,159.517241,233.08856,0.343904,1.574032,2.910066,0.502236,0.005613
trend_ema_adx_v1,FORWARD,EURUSD,retail_jp,,2025-07-01,2026-09-25,1.23,-0.027389,-0.02224,-0.390659,-0.623559,-0.068397,0.05357,-27389.022931,-0.383561,70,0.840167,0.328571,6259.634202,-3645.970416,1.716864,-391.271756,-0.076115,8,56.690687,30.0,12340.667935,-4189.469402,-10858.885594,,176.295256,210.126584,0.271809,1.744847,2.778211,0.334931,-0.435424
trend_ema_adx_v1,FORWARD,EURJPY,retail_jp,,2025-07-01,2026-09-25,1.23,-0.017616,-0.014291,-0.161137,-0.286375,-0.110306,0.072629,-17616.15419,-0.152091,99,0.925856,0.292929,7585.412972,-3394.187577,2.234824,-177.940951,-0.03738,18,80.176829,28.888889,23463.0,-3562.53024,9409.37605,2.493577,237.0,304.101395,0.370179,1.802952,2.968423,0.430064,-0.179601
trend_ema_adx_v1,FORWARD,GBPUSD,retail_jp,,2025-07-01,2026-09-25,1.23,0.035427,0.028596,0.592281,1.132464,-0.054215,0.049358,35427.177273,0.626152,50,1.315591,0.32,9230.24154,-3301.667276,2.79563,708.543545,0.129027,8,40.493348,34.7,11078.99437,-4581.673132,51087.844775,0.216862,221.579887,124.802164,0.224566,1.625284,2.824639,0.753793,0.66015
trend_ema_adx_v1,FORWARD,AUDUSD,retail_jp,,2025-07-01,2026-09-25,1.23,0.055593,0.04479,0.710692,1.290053,-0.041847,0.064157,55592.61954,1.216383,81,1.279666,0.320988,9783.643529,-3614.220222,2.706986,686.328636,0.151585,5,65.599224,34.802469,28962.85348,-5832.037396,90387.510415,0.32043,357.566092,172.063712,0.364872,1.305082,2.031622,0.794203,0.792129
trend_tsmom_v1,TEST,portfolio,retail_jp,,2022-01-02,2025-06-30,3.49,0.103358,0.028577,0.50818,0.771446,-0.07017,0.062355,103358.073539,1.287411,255,1.154903,0.376471,8027.104949,-4196.503154,1.912808,405.325779,0.096183,16,73.05,141.639216,14987.166868,-7775.563719,126120.804125,0.118832,58.773203,73.481635,0.833318,0.960467,2.801687,0.830169,0.950717
trend_tsmom_v1,TEST,portfolio_stress_2x,stress_2x,,2022-01-02,2025-06-30,3.49,0.058572,0.01644,0.319072,0.476434,-0.072286,0.062379,58571.92883,0.725764,255,1.087354,0.368627,7756.208217,-4164.668593,1.862383,229.693839,0.066043,16,73.05,140.729412,32352.990665,-33594.196338,124519.115832,0.259823,126.874473,73.386277,0.830794,0.956487,2.857561,0.725116,0.59693
trend_tsmom_v1,TEST,portfolio_ibkr,ibkr,,2022-01-02,2025-06-30,3.49,-0.039004,-0.011332,-0.11884,-0.173903,-0.082613,0.062945,-39003.539333,-0.454092,254,0.944637,0.358268,7313.249022,-4322.142333,1.692043,-153.557241,-0.045922,16,72.763529,142.066929,154855.700533,-19796.555285,135648.716485,1.141594,609.668112,72.565358,0.833318,0.956469,3.067578,0.412174,-0.22233
trend_tsmom_v1,TEST,USDJPY,retail_jp,,2022-01-02,2025-06-30,3.49,0.055589,0.015619,0.498654,0.775562,-0.044332,0.031603,55589.425573,1.135234,74,1.271486,0.337838,10413.973101,-4178.773509,2.492112,751.208454,0.198752,6,21.198824,138.986486,3211.5,4826.39143,53974.534143,0.0595,43.398649,20.487475,0.472006,0.442579,1.449376,0.827174,0.932896
trend_tsmom_v1,TEST,EURUSD,retail_jp,,2022-01-02,2025-06-30,3.49,0.047698,0.013438,0.446494,0.721981,-0.048301,0.030883,47698.265333,0.93335,71,1.260612,0.394366,8240.076624,-4256.369305,1.93594,671.806554,0.138261,8,20.339412,138.690141,3707.413743,-9917.26317,61322.942245,0.060457,52.217095,24.662797,0.451905,0.607228,1.297373,0.802274,0.835314
trend_tsmom_v1,TEST,EURJPY,retail_jp,,2022-01-02,2025-06-30,3.49,-0.028787,-0.008333,-0.290441,-0.408977,-0.046827,0.025413,-28787.1615,-0.606854,59,0.819857,0.288136,7706.738327,-3804.802692,2.025529,-487.917992,-0.134861,6,16.901765,142.135593,3121.0,3126.578329,-28792.739829,,52.898305,15.210921,0.384873,0.430379,0.848963,0.293903,-0.543366
trend_tsmom_v1,TEST,GBPUSD,retail_jp,,2022-01-02,2025-06-30,3.49,0.002397,0.000686,0.093017,0.136927,-0.049873,0.023076,2397.162981,0.046435,46,1.024114,0.369565,5988.583389,-3427.88809,1.747018,52.112239,0.036268,5,13.177647,144.0,3276.745085,-4890.45755,10564.365616,0.31017,71.233589,13.972906,0.304021,0.537958,1.048572,0.569155,0.174019
trend_tsmom_v1,TEST,AUDUSD,retail_jp,,2022-01-02,2025-06-30,3.49,0.018303,0.005209,0.241321,0.347043,-0.033962,0.022524,18302.633696,0.513107,47,1.169785,0.425532,6305.088168,-3992.560358,1.579209,389.417738,0.089914,5,13.464118,146.340426,4615.362628,-3446.752169,26364.748492,0.175058,98.199205,10.615311,0.315664,0.39267,0.630415,0.674014,0.451471
trend_tsmom_v1,FORWARD,portfolio,retail_jp,,2025-07-01,2026-09-25,1.23,-0.088507,-0.072304,-1.270989,-1.627759,-0.104471,0.057389,-88506.79371,-0.837897,83,0.595478,0.313253,5011.021593,-3838.479915,1.30547,-1066.346912,-0.273432,10,67.218958,143.325301,4917.656243,-2766.17594,-80822.961527,,59.24887,85.477159,0.761455,1.275174,3.067096,0.075204,-1.416629
trend_tsmom_v1,FORWARD,portfolio_stress_2x,stress_2x,,2025-07-01,2026-09-25,1.23,-0.102185,-0.083595,-1.486713,-1.875729,-0.117364,0.057251,-102185.34726,-0.861458,83,0.543046,0.313253,4670.675578,-3923.208988,1.190524,-1231.148762,-0.311448,10,67.218958,143.301205,9474.05377,-13021.143458,-79690.150032,,114.145226,85.09168,0.761325,1.267947,3.105851,0.045441,-1.657074
trend_tsmom_v1,FORWARD,portfolio_ibkr,ibkr,2026-09-17 23:00:00+00:00,2025-07-01,2026-09-25,1.23,-0.143322,-0.117751,-2.088509,-2.553338,-0.15162,0.058781,-143322.323565,-0.936119,81,0.414419,0.308642,4057.199213,-4370.576855,0.928298,-1769.411402,-0.446085,8,65.599224,143.851852,54138.2326,-7478.914015,-81705.17695,,668.373242,83.613645,0.74437,1.279875,3.223642,0.008053,-2.327828
trend_tsmom_v1,FORWARD,USDJPY,retail_jp,,2025-07-01,2026-09-25,1.23,-0.04433,-0.036055,-1.375746,-1.665757,-0.049291,0.026277,-44329.739135,-0.894686,24,0.408291,0.25,5098.061205,-4162.11702,1.224872,-1847.072464,-0.431501,6,19.436807,141.791667,1232.0,3252.87524,-46350.614375,,51.333333,23.241902,0.440461,0.576428,1.633611,0.051499,-1.533391
trend_tsmom_v1,FORWARD,EURUSD,retail_jp,,2025-07-01,2026-09-25,1.23,-0.015031,-0.01219,-0.505094,-0.716603,-0.026051,0.023586,-15030.615862,-0.575396,25,0.766381,0.4,4930.765906,-4289.218328,1.149572,-601.224634,-0.145251,3,20.246674,146.12,1415.477095,-4361.305716,-9253.833052,,56.619084,27.908176,0.472819,0.711057,1.109959,0.287911,-0.562972
trend_tsmom_v1,FORWARD,EURJPY,retail_jp,,2025-07-01,2026-09-25,1.23,-0.031923,-0.025933,-1.128447,-1.386972,-0.043998,0.02291,-31923.126559,-0.7178,21,0.436553,0.333333,3533.393213,-4046.919932,0.873107,-1520.148884,-0.339834,6,17.007206,135.190476,1134.5,114.481404,-30903.107964,,54.02381,22.420748,0.367461,0.590347,1.140121,0.093955,-1.257754
trend_tsmom_v1,FORWARD,GBPUSD,retail_jp,,2025-07-01,2026-09-25,1.23,0.011562,0.009353,0.398402,0.657069,-0.015074,0.023942,11561.643583,0.756207,16,1.401908,0.5,5041.070471,-3595.865024,1.401908,722.602724,0.134945,3,12.957871,161.1875,1344.707335,-2468.719714,15375.070631,0.08746,84.044208,17.082067,0.333808,0.669237,0.875955,0.6739,0.444054
trend_tsmom_v1,FORWARD,AUDUSD,retail_jp,,2025-07-01,2026-09-25,1.23,-0.003348,-0.002712,-0.15851,-0.22958,-0.017801,0.016203,-3347.523276,-0.185588,9,0.827035,0.222222,8003.093204,-2764.815669,2.894621,-371.947031,-0.066796,5,7.288803,145.444444,1856.66407,-1045.278899,-445.580307,,206.296008,8.009979,0.169428,0.519009,0.730629,0.43014,-0.176674
