strategy,pair,year,chosen_params,train_sharpe,oos_return,oos_sharpe,oos_trades,oos_pf
trend_ema_adx,USDJPY,2014,"{""adx_min"": 20, ""fast"": 20, ""slow"": 100}",-0.49,0.005909,0.136087,43,1.058587
trend_ema_adx,USDJPY,2015,"{""adx_min"": 20, ""fast"": 20, ""slow"": 100}",-0.2329,-0.096036,-1.896013,55,0.406212
trend_ema_adx,USDJPY,2016,"{""adx_min"": 0, ""fast"": 20, ""slow"": 100}",-0.0688,0.068811,1.152397,63,1.497238
trend_ema_adx,USDJPY,2017,"{""adx_min"": 0, ""fast"": 20, ""slow"": 100}",0.273,0.063828,0.969131,67,1.48066
trend_ema_adx,USDJPY,2018,"{""adx_min"": 0, ""fast"": 20, ""slow"": 100}",0.428,-0.029305,-0.414428,71,0.822549
trend_ema_adx,USDJPY,2019,"{""adx_min"": 0, ""fast"": 20, ""slow"": 100}",0.0975,-0.042641,-0.629302,83,0.78973
trend_ema_adx,USDJPY,2020,"{""adx_min"": 0, ""fast"": 50, ""slow"": 100}",0.3715,0.048686,0.709473,56,1.356982
trend_ema_adx,USDJPY,2021,"{""adx_min"": 0, ""fast"": 50, ""slow"": 100}",0.398,0.018155,0.306835,69,1.093374
trend_ema_adx,EURUSD,2014,"{""adx_min"": 20, ""fast"": 50, ""slow"": 200}",0.4489,-0.013905,-0.332644,39,0.855075
trend_ema_adx,EURUSD,2015,"{""adx_min"": 0, ""fast"": 20, ""slow"": 200}",0.6302,0.074876,1.239742,52,1.604072
trend_ema_adx,EURUSD,2016,"{""adx_min"": 0, ""fast"": 20, ""slow"": 200}",0.8197,-0.045828,-0.779441,56,0.73967
trend_ema_adx,EURUSD,2017,"{""adx_min"": 0, ""fast"": 20, ""slow"": 200}",0.3675,0.089636,1.453452,45,1.989362
trend_ema_adx,EURUSD,2018,"{""adx_min"": 0, ""fast"": 20, ""slow"": 200}",0.723,0.002626,0.076232,57,0.998523
trend_ema_adx,EURUSD,2019,"{""adx_min"": 0, ""fast"": 20, ""slow"": 200}",0.5336,0.04281,0.724278,58,1.314785
trend_ema_adx,EURUSD,2020,"{""adx_min"": 0, ""fast"": 20, ""slow"": 100}",0.676,-0.005351,-0.074948,69,0.990279
trend_ema_adx,EURUSD,2021,"{""adx_min"": 0, ""fast"": 20, ""slow"": 100}",0.9149,-0.009428,-0.132115,76,0.950879
trend_ema_adx,EURJPY,2014,"{""adx_min"": 0, ""fast"": 20, ""slow"": 100}",0.4405,0.039498,0.596223,83,1.587975
trend_ema_adx,EURJPY,2015,"{""adx_min"": 20, ""fast"": 20, ""slow"": 100}",0.4846,0.00832,0.149214,52,0.512744
trend_ema_adx,EURJPY,2016,"{""adx_min"": 20, ""fast"": 20, ""slow"": 100}",0.7256,-0.01988,-0.386688,57,0.834113
trend_ema_adx,EURJPY,2017,"{""adx_min"": 20, ""fast"": 50, ""slow"": 100}",0.2781,-0.017674,-0.431017,39,0.78919
trend_ema_adx,EURJPY,2018,"{""adx_min"": 20, ""fast"": 50, ""slow"": 100}",0.2879,0.002673,0.082832,34,1.033993
trend_ema_adx,EURJPY,2019,"{""adx_min"": 20, ""fast"": 50, ""slow"": 200}",-0.1374,-0.030357,-0.732807,30,0.633831
trend_ema_adx,EURJPY,2020,"{""adx_min"": 0, ""fast"": 20, ""slow"": 100}",0.0087,0.059575,0.758891,102,1.210032
trend_ema_adx,EURJPY,2021,"{""adx_min"": 0, ""fast"": 20, ""slow"": 100}",0.4159,-0.050474,-0.74991,75,0.767983
trend_ema_adx,GBPUSD,2014,"{""adx_min"": 20, ""fast"": 50, ""slow"": 200}",-0.535,-0.020259,-0.498586,27,0.727684
trend_ema_adx,GBPUSD,2015,"{""adx_min"": 20, ""fast"": 20, ""slow"": 200}",-0.1609,0.012784,0.307782,46,1.123209
trend_ema_adx,GBPUSD,2016,"{""adx_min"": 0, ""fast"": 20, ""slow"": 200}",0.272,-0.05196,-1.22739,55,0.586072
trend_ema_adx,GBPUSD,2017,"{""adx_min"": 0, ""fast"": 20, ""slow"": 200}",0.4673,-0.077741,-1.673724,67,0.594612
trend_ema_adx,GBPUSD,2018,"{""adx_min"": 0, ""fast"": 20, ""slow"": 200}",0.1106,-0.012792,-0.196073,66,0.870132
trend_ema_adx,GBPUSD,2019,"{""adx_min"": 0, ""fast"": 50, ""slow"": 200}",-0.0323,0.055099,1.352305,29,1.953918
trend_ema_adx,GBPUSD,2020,"{""adx_min"": 0, ""fast"": 50, ""slow"": 200}",0.1301,0.039476,0.773382,41,1.503116
trend_ema_adx,GBPUSD,2021,"{""adx_min"": 0, ""fast"": 50, ""slow"": 200}",0.5199,-0.052209,-1.494305,38,0.505474
trend_ema_adx,AUDUSD,2014,"{""adx_min"": 0, ""fast"": 20, ""slow"": 100}",0.6162,-0.107877,-1.815267,94,0.56396
trend_ema_adx,AUDUSD,2015,"{""adx_min"": 20, ""fast"": 20, ""slow"": 100}",0.2281,-0.036076,-0.697885,61,0.761094
trend_ema_adx,AUDUSD,2016,"{""adx_min"": 20, ""fast"": 50, ""slow"": 200}",-0.2039,-0.006436,-0.090636,28,0.914991
trend_ema_adx,AUDUSD,2017,"{""adx_min"": 0, ""fast"": 20, ""slow"": 200}",-0.1866,0.068362,1.050774,47,1.651978
trend_ema_adx,AUDUSD,2018,"{""adx_min"": 0, ""fast"": 20, ""slow"": 200}",0.084,-0.030089,-0.452548,75,0.856009
trend_ema_adx,AUDUSD,2019,"{""adx_min"": 20, ""fast"": 20, ""slow"": 200}",0.2544,0.039522,0.800225,37,1.368198
trend_ema_adx,AUDUSD,2020,"{""adx_min"": 20, ""fast"": 50, ""slow"": 200}",0.7743,-0.006217,-0.146094,27,0.910297
trend_ema_adx,AUDUSD,2021,"{""adx_min"": 20, ""fast"": 50, ""slow"": 200}",0.7598,-0.070785,-2.339447,33,0.30143
trend_donchian,USDJPY,2014,"{""n"": 240, ""sl_atr"": 3.0}",0.1512,0.128336,1.287387,26,2.382212
trend_donchian,USDJPY,2015,"{""n"": 240, ""sl_atr"": 3.0}",0.616,-0.03247,-0.393838,26,0.690311
trend_donchian,USDJPY,2016,"{""n"": 240, ""sl_atr"": 3.0}",0.7698,0.064013,0.862913,21,2.11864
trend_donchian,USDJPY,2017,"{""n"": 240, ""sl_atr"": 3.0}",0.764,-0.018954,-0.286582,28,0.805779
trend_donchian,USDJPY,2018,"{""n"": 48, ""sl_atr"": 3.0}",0.551,0.042593,0.601086,95,1.221451
trend_donchian,USDJPY,2019,"{""n"": 48, ""sl_atr"": 3.0}",0.5197,-0.018863,-0.229881,89,0.858249
trend_donchian,USDJPY,2020,"{""n"": 48, ""sl_atr"": 3.0}",0.3605,0.044003,0.5719,91,1.185659
trend_donchian,USDJPY,2021,"{""n"": 48, ""sl_atr"": 3.0}",0.1847,0.049367,0.6458,86,1.203942
trend_donchian,EURUSD,2014,"{""n"": 120, ""sl_atr"": 3.0}",-0.0604,-0.023275,-0.346923,40,0.987967
trend_donchian,EURUSD,2015,"{""n"": 120, ""sl_atr"": 3.0}",-0.1817,-0.022916,-0.356228,50,0.746386
trend_donchian,EURUSD,2016,"{""n"": 240, ""sl_atr"": 3.0}",0.2257,-0.045241,-0.790295,26,0.4682
trend_donchian,EURUSD,2017,"{""n"": 240, ""sl_atr"": 5.0}",-0.0782,0.050603,1.151726,17,3.044475
trend_donchian,EURUSD,2018,"{""n"": 240, ""sl_atr"": 3.0}",0.4258,-0.040535,-0.704173,27,0.676747
trend_donchian,EURUSD,2019,"{""n"": 240, ""sl_atr"": 3.0}",0.1527,-0.049647,-0.732649,28,0.469968
trend_donchian,EURUSD,2020,"{""n"": 48, ""sl_atr"": 3.0}",-0.216,0.105763,1.34855,88,1.449001
trend_donchian,EURUSD,2021,"{""n"": 48, ""sl_atr"": 3.0}",0.5493,-0.057274,-0.863291,95,0.774874
trend_donchian,EURJPY,2014,"{""n"": 240, ""sl_atr"": 3.0}",0.4657,-0.006066,-0.050071,29,1.453539
trend_donchian,EURJPY,2015,"{""n"": 120, ""sl_atr"": 5.0}",0.6539,0.065521,1.410968,35,1.420459
trend_donchian,EURJPY,2016,"{""n"": 120, ""sl_atr"": 5.0}",0.7833,0.018975,0.311952,35,1.131297
trend_donchian,EURJPY,2017,"{""n"": 120, ""sl_atr"": 5.0}",0.4166,0.029227,0.673436,39,1.300766
trend_donchian,EURJPY,2018,"{""n"": 120, ""sl_atr"": 5.0}",0.7876,-0.028364,-0.727444,40,0.710447
trend_donchian,EURJPY,2019,"{""n"": 120, ""sl_atr"": 5.0}",0.5015,-0.034522,-0.700115,44,0.647342
trend_donchian,EURJPY,2020,"{""n"": 48, ""sl_atr"": 5.0}",0.1457,0.067117,1.519978,79,1.451241
trend_donchian,EURJPY,2021,"{""n"": 48, ""sl_atr"": 5.0}",0.5876,-0.041157,-0.854139,91,0.773942
trend_donchian,GBPUSD,2014,"{""n"": 240, ""sl_atr"": 5.0}",-0.1034,0.004365,0.121711,21,1.252275
trend_donchian,GBPUSD,2015,"{""n"": 240, ""sl_atr"": 5.0}",0.0646,-0.005106,-0.085784,27,1.048272
trend_donchian,GBPUSD,2016,"{""n"": 48, ""sl_atr"": 3.0}",0.3584,0.020374,0.297985,96,1.033813
trend_donchian,GBPUSD,2017,"{""n"": 48, ""sl_atr"": 3.0}",0.4214,-0.098857,-1.449029,93,0.628329
trend_donchian,GBPUSD,2018,"{""n"": 48, ""sl_atr"": 5.0}",0.0974,-0.026929,-0.589935,86,0.790342
trend_donchian,GBPUSD,2019,"{""n"": 120, ""sl_atr"": 3.0}",0.1144,-0.007772,-0.109152,48,0.862684
trend_donchian,GBPUSD,2020,"{""n"": 120, ""sl_atr"": 3.0}",0.06,-0.096239,-1.528514,55,0.523677
trend_donchian,GBPUSD,2021,"{""n"": 48, ""sl_atr"": 5.0}",-0.1593,-0.045197,-1.16919,89,0.699475
trend_donchian,AUDUSD,2014,"{""n"": 240, ""sl_atr"": 5.0}",0.2123,-0.018378,-0.499974,24,0.767776
trend_donchian,AUDUSD,2015,"{""n"": 240, ""sl_atr"": 5.0}",-0.0319,-0.028383,-0.799201,23,0.552902
trend_donchian,AUDUSD,2016,"{""n"": 240, ""sl_atr"": 5.0}",-0.163,-0.042358,-1.178612,25,0.488421
trend_donchian,AUDUSD,2017,"{""n"": 240, ""sl_atr"": 5.0}",-0.4285,0.00525,0.162187,21,1.324155
trend_donchian,AUDUSD,2018,"{""n"": 240, ""sl_atr"": 3.0}",-0.4475,-0.011889,-0.150153,27,0.533684
trend_donchian,AUDUSD,2019,"{""n"": 240, ""sl_atr"": 3.0}",-0.379,-0.009216,-0.083732,32,0.758375
trend_donchian,AUDUSD,2020,"{""n"": 120, ""sl_atr"": 5.0}",-0.1477,-0.026462,-0.539618,48,0.838261
trend_donchian,AUDUSD,2021,"{""n"": 48, ""sl_atr"": 3.0}",0.1449,-0.098388,-1.318905,108,0.673369
trend_tsmom,USDJPY,2014,"{""lookback"": 480, ""z_min"": 0.5}",0.373,-0.001914,-0.039858,20,1.051937
trend_tsmom,USDJPY,2015,"{""lookback"": 480, ""z_min"": 1.0}",0.9421,0.013362,0.738101,6,1.947706
trend_tsmom,USDJPY,2016,"{""lookback"": 480, ""z_min"": 1.0}",1.0618,-0.019563,-0.675266,13,0.513612
trend_tsmom,USDJPY,2017,"{""lookback"": 480, ""z_min"": 1.0}",0.7022,-0.007182,-0.390925,8,0.68734
trend_tsmom,USDJPY,2018,"{""lookback"": 120, ""z_min"": 1.0}",0.5148,-0.032081,-1.512603,17,0.472117
trend_tsmom,USDJPY,2019,"{""lookback"": 480, ""z_min"": 0.5}",0.573,-7.5e-05,0.010855,16,0.87762
trend_tsmom,USDJPY,2020,"{""lookback"": 480, ""z_min"": 0.5}",0.5083,-0.049778,-1.88644,15,0.136392
trend_tsmom,USDJPY,2021,"{""lookback"": 480, ""z_min"": 0.5}",-0.1825,0.010497,0.48173,18,1.251847
trend_tsmom,EURUSD,2014,"{""lookback"": 480, ""z_min"": 0.5}",0.0004,0.003232,0.107792,16,1.719495
trend_tsmom,EURUSD,2015,"{""lookback"": 120, ""z_min"": 0.5}",-0.0605,0.039851,1.120319,23,1.484375
trend_tsmom,EURUSD,2016,"{""lookback"": 120, ""z_min"": 0.5}",0.2734,-0.042247,-1.420045,24,0.444178
trend_tsmom,EURUSD,2017,"{""lookback"": 120, ""z_min"": 0.5}",0.1638,0.037067,1.455536,14,4.183532
trend_tsmom,EURUSD,2018,"{""lookback"": 120, ""z_min"": 0.5}",0.4753,-0.043054,-1.553318,25,0.383539
trend_tsmom,EURUSD,2019,"{""lookback"": 480, ""z_min"": 0.5}",0.1714,-0.008895,-0.313541,14,0.744259
trend_tsmom,EURUSD,2020,"{""lookback"": 480, ""z_min"": 0.5}",0.0338,0.002775,0.122037,22,0.993463
trend_tsmom,EURUSD,2021,"{""lookback"": 480, ""z_min"": 0.5}",0.0482,0.001893,0.039956,17,1.165095
trend_tsmom,EURJPY,2014,"{""lookback"": 480, ""z_min"": 0.5}",0.7742,0.00222,0.104309,14,1.106323
trend_tsmom,EURJPY,2015,"{""lookback"": 480, ""z_min"": 0.5}",0.4663,0.025473,0.844347,17,1.638861
trend_tsmom,EURJPY,2016,"{""lookback"": 480, ""z_min"": 0.5}",0.7979,-0.038663,-1.566669,18,0.363034
trend_tsmom,EURJPY,2017,"{""lookback"": 120, ""z_min"": 1.0}",0.3377,-0.003562,-0.155598,12,0.833964
trend_tsmom,EURJPY,2018,"{""lookback"": 120, ""z_min"": 1.0}",0.4148,-0.014939,-0.744989,13,0.655909
trend_tsmom,EURJPY,2019,"{""lookback"": 120, ""z_min"": 1.0}",0.3149,-0.03056,-1.165294,15,0.294042
trend_tsmom,EURJPY,2020,"{""lookback"": 480, ""z_min"": 1.0}",-0.1603,0.008489,0.366236,7,1.827796
trend_tsmom,EURJPY,2021,"{""lookback"": 480, ""z_min"": 1.0}",0.0296,-4.2e-05,-0.014333,8,0.993307
trend_tsmom,GBPUSD,2014,"{""lookback"": 120, ""z_min"": 0.5}",0.53,-0.01874,-0.644934,23,1.074234
trend_tsmom,GBPUSD,2015,"{""lookback"": 480, ""z_min"": 1.0}",0.3119,-0.016932,-1.144658,8,0.231843
trend_tsmom,GBPUSD,2016,"{""lookback"": 120, ""z_min"": 0.5}",0.379,-0.003148,-0.159901,23,0.944214
trend_tsmom,GBPUSD,2017,"{""lookback"": 480, ""z_min"": 1.0}",0.388,-0.039079,-2.178922,11,0.010197
trend_tsmom,GBPUSD,2018,"{""lookback"": 120, ""z_min"": 1.0}",0.0565,0.011039,0.424948,12,1.327883
trend_tsmom,GBPUSD,2019,"{""lookback"": 120, ""z_min"": 1.0}",0.4925,-0.017466,-0.689903,16,0.645649
trend_tsmom,GBPUSD,2020,"{""lookback"": 120, ""z_min"": 1.0}",0.3586,-0.012683,-0.772894,12,0.598164
trend_tsmom,GBPUSD,2021,"{""lookback"": 120, ""z_min"": 1.0}",0.2211,-0.019349,-0.883433,13,0.371659
trend_tsmom,AUDUSD,2014,"{""lookback"": 120, ""z_min"": 1.0}",0.297,0.010627,0.526605,11,1.51251
trend_tsmom,AUDUSD,2015,"{""lookback"": 120, ""z_min"": 1.0}",0.2433,0.000538,0.039312,9,1.032663
trend_tsmom,AUDUSD,2016,"{""lookback"": 120, ""z_min"": 0.5}",0.31,-0.010266,-0.162649,20,0.912857
trend_tsmom,AUDUSD,2017,"{""lookback"": 120, ""z_min"": 0.5}",0.1132,0.020728,0.636536,20,1.420993
trend_tsmom,AUDUSD,2018,"{""lookback"": 120, ""z_min"": 1.0}",0.2781,-0.000427,0.050584,17,0.959407
trend_tsmom,AUDUSD,2019,"{""lookback"": 120, ""z_min"": 0.5}",0.1796,0.00241,0.090318,22,0.909527
trend_tsmom,AUDUSD,2020,"{""lookback"": 120, ""z_min"": 1.0}",0.2556,-0.022467,-0.964605,15,0.533978
trend_tsmom,AUDUSD,2021,"{""lookback"": 480, ""z_min"": 0.5}",0.4296,0.024988,0.776858,18,1.503355
mr_rsi_bb,USDJPY,2014,"{""bb_k"": 2.5, ""rsi_lo"": 30}",-0.2167,-0.001228,-0.016473,49,0.988859
mr_rsi_bb,USDJPY,2015,"{""bb_k"": 2.5, ""rsi_lo"": 30}",-0.2558,-0.021251,-0.726527,41,0.816893
mr_rsi_bb,USDJPY,2016,"{""bb_k"": 2.5, ""rsi_lo"": 30}",-0.746,-0.042928,-1.173142,44,0.64704
mr_rsi_bb,USDJPY,2017,"{""bb_k"": 2.5, ""rsi_lo"": 30}",-0.5392,-0.049434,-1.772156,42,0.57228
mr_rsi_bb,USDJPY,2018,"{""bb_k"": 2.0, ""rsi_lo"": 25}",-0.7907,-0.019877,-0.972646,17,0.551334
mr_rsi_bb,USDJPY,2019,"{""bb_k"": 2.0, ""rsi_lo"": 25}",-0.9194,0.002231,0.112281,23,1.042774
mr_rsi_bb,USDJPY,2020,"{""bb_k"": 2.0, ""rsi_lo"": 25}",-0.642,0.008866,0.418083,21,1.256291
mr_rsi_bb,USDJPY,2021,"{""bb_k"": 2.5, ""rsi_lo"": 25}",-0.0278,-0.059437,-2.291775,18,0.222018
mr_rsi_bb,EURUSD,2014,"{""bb_k"": 2.0, ""rsi_lo"": 25}",-1.0209,-0.042983,-1.733612,26,0.406319
mr_rsi_bb,EURUSD,2015,"{""bb_k"": 2.5, ""rsi_lo"": 25}",-1.2108,-0.016046,-1.021532,8,0.530802
mr_rsi_bb,EURUSD,2016,"{""bb_k"": 2.0, ""rsi_lo"": 30}",-0.3759,-0.003349,-0.072348,47,0.969006
mr_rsi_bb,EURUSD,2017,"{""bb_k"": 2.0, ""rsi_lo"": 30}",-0.0352,0.018317,0.493341,67,1.137455
mr_rsi_bb,EURUSD,2018,"{""bb_k"": 2.0, ""rsi_lo"": 30}",0.209,-0.038142,-1.120436,59,0.718649
mr_rsi_bb,EURUSD,2019,"{""bb_k"": 2.0, ""rsi_lo"": 30}",0.1627,-0.051765,-1.507891,60,0.623392
mr_rsi_bb,EURUSD,2020,"{""bb_k"": 2.0, ""rsi_lo"": 25}",-0.2297,0.015788,0.752546,16,1.620385
mr_rsi_bb,EURUSD,2021,"{""bb_k"": 2.0, ""rsi_lo"": 25}",-0.4345,0.00729,0.424125,13,1.29587
mr_rsi_bb,EURJPY,2014,"{""bb_k"": 2.5, ""rsi_lo"": 25}",-0.5962,-0.015173,-0.722035,16,0.64606
mr_rsi_bb,EURJPY,2015,"{""bb_k"": 2.5, ""rsi_lo"": 30}",-0.855,0.027954,0.943285,44,1.350891
mr_rsi_bb,EURJPY,2016,"{""bb_k"": 2.5, ""rsi_lo"": 30}",-0.5509,-0.067397,-2.211575,39,0.43965
mr_rsi_bb,EURJPY,2017,"{""bb_k"": 2.0, ""rsi_lo"": 25}",-0.7695,-0.014755,-1.179302,8,0.385278
mr_rsi_bb,EURJPY,2018,"{""bb_k"": 2.5, ""rsi_lo"": 30}",-0.276,0.020617,0.679154,38,1.314685
mr_rsi_bb,EURJPY,2019,"{""bb_k"": 2.5, ""rsi_lo"": 30}",0.0263,-0.014256,-0.387579,48,0.873395
mr_rsi_bb,EURJPY,2020,"{""bb_k"": 2.0, ""rsi_lo"": 30}",-0.1629,-0.082397,-2.407881,50,0.470483
mr_rsi_bb,EURJPY,2021,"{""bb_k"": 2.5, ""rsi_lo"": 30}",-0.063,-0.001952,-0.042989,44,0.979024
mr_rsi_bb,GBPUSD,2014,"{""bb_k"": 2.5, ""rsi_lo"": 30}",0.5504,-0.007124,-0.186208,58,0.940491
mr_rsi_bb,GBPUSD,2015,"{""bb_k"": 2.5, ""rsi_lo"": 30}",0.3043,-0.070654,-2.141072,58,0.515067
mr_rsi_bb,GBPUSD,2016,"{""bb_k"": 2.0, ""rsi_lo"": 30}",-0.7822,-0.027112,-0.685264,59,0.839503
mr_rsi_bb,GBPUSD,2017,"{""bb_k"": 2.0, ""rsi_lo"": 30}",-0.9544,-0.019751,-0.528155,55,0.843931
mr_rsi_bb,GBPUSD,2018,"{""bb_k"": 2.5, ""rsi_lo"": 30}",-0.6726,-0.012686,-0.372952,46,0.87423
mr_rsi_bb,GBPUSD,2019,"{""bb_k"": 2.0, ""rsi_lo"": 25}",-0.7215,-0.016249,-0.591387,28,0.77336
mr_rsi_bb,GBPUSD,2020,"{""bb_k"": 2.5, ""rsi_lo"": 30}",-0.0175,-0.029755,-1.01594,44,0.71971
mr_rsi_bb,GBPUSD,2021,"{""bb_k"": 2.5, ""rsi_lo"": 30}",-0.1975,-0.000732,0.015559,44,0.992668
mr_rsi_bb,AUDUSD,2014,"{""bb_k"": 2.0, ""rsi_lo"": 30}",-0.7962,-0.02224,-0.533442,52,0.837773
mr_rsi_bb,AUDUSD,2015,"{""bb_k"": 2.0, ""rsi_lo"": 25}",-0.5589,-0.011989,-0.688085,14,0.690604
mr_rsi_bb,AUDUSD,2016,"{""bb_k"": 2.0, ""rsi_lo"": 30}",-0.4289,0.010949,0.354795,53,1.100894
mr_rsi_bb,AUDUSD,2017,"{""bb_k"": 2.0, ""rsi_lo"": 30}",-0.1117,-0.013739,-0.443265,52,0.874433
mr_rsi_bb,AUDUSD,2018,"{""bb_k"": 2.0, ""rsi_lo"": 30}",-0.057,-0.0668,-1.910603,40,0.489654
mr_rsi_bb,AUDUSD,2019,"{""bb_k"": 2.5, ""rsi_lo"": 30}",-0.3,-0.044451,-1.379255,40,0.612982
mr_rsi_bb,AUDUSD,2020,"{""bb_k"": 2.0, ""rsi_lo"": 25}",-0.7631,0.01832,0.909627,13,1.930615
mr_rsi_bb,AUDUSD,2021,"{""bb_k"": 2.0, ""rsi_lo"": 25}",-0.4842,-0.01402,-0.757585,14,0.646782
mr_zscore,USDJPY,2014,"{""n"": 72, ""z"": 2.0}",-0.1288,-0.008158,-0.178394,56,0.94632
mr_zscore,USDJPY,2015,"{""n"": 72, ""z"": 2.0}",-0.1215,-0.00999,-0.220015,55,0.934724
mr_zscore,USDJPY,2016,"{""n"": 72, ""z"": 2.0}",-0.4546,-0.073428,-1.690679,63,0.624912
mr_zscore,USDJPY,2017,"{""n"": 72, ""z"": 2.5}",-0.1824,0.028764,1.028122,25,1.499936
mr_zscore,USDJPY,2018,"{""n"": 72, ""z"": 2.5}",-0.2077,-0.023958,-0.730072,29,0.736993
mr_zscore,USDJPY,2019,"{""n"": 72, ""z"": 2.5}",-0.2481,0.001802,0.071025,31,1.020544
mr_zscore,USDJPY,2020,"{""n"": 72, ""z"": 2.5}",-0.2682,-0.021461,-0.63988,34,0.793839
mr_zscore,USDJPY,2021,"{""n"": 72, ""z"": 2.0}",-0.0295,-0.005187,-0.08267,70,1.00548
mr_zscore,EURUSD,2014,"{""n"": 72, ""z"": 2.0}",-0.9971,0.027727,0.600121,64,1.167606
mr_zscore,EURUSD,2015,"{""n"": 24, ""z"": 2.0}",-0.4911,-0.064126,-1.464974,108,0.743436
mr_zscore,EURUSD,2016,"{""n"": 72, ""z"": 2.0}",-0.543,0.021765,0.451561,60,1.157637
mr_zscore,EURUSD,2017,"{""n"": 72, ""z"": 2.0}",-0.0367,0.008343,0.178768,53,1.042582
mr_zscore,EURUSD,2018,"{""n"": 72, ""z"": 2.0}",0.2128,-0.012712,-0.275307,54,0.914576
mr_zscore,EURUSD,2019,"{""n"": 72, ""z"": 2.0}",-0.0255,-0.039994,-0.980102,54,0.794218
mr_zscore,EURUSD,2020,"{""n"": 72, ""z"": 2.0}",-0.1284,-0.095727,-2.09914,66,0.508908
mr_zscore,EURUSD,2021,"{""n"": 72, ""z"": 2.0}",-0.8547,0.070035,1.451907,59,1.511645
mr_zscore,EURJPY,2014,"{""n"": 72, ""z"": 2.0}",-0.0508,0.003454,0.099235,58,0.97668
mr_zscore,EURJPY,2015,"{""n"": 72, ""z"": 2.0}",-0.2581,-0.023637,-0.600493,46,0.835633
mr_zscore,EURJPY,2016,"{""n"": 72, ""z"": 2.0}",-0.5485,-0.003919,-0.073113,52,0.989774
mr_zscore,EURJPY,2017,"{""n"": 72, ""z"": 2.0}",0.202,-0.008563,-0.268697,55,0.918813
mr_zscore,EURJPY,2018,"{""n"": 72, ""z"": 2.0}",-0.1816,-0.014688,-0.33928,62,0.90907
mr_zscore,EURJPY,2019,"{""n"": 72, ""z"": 2.0}",-0.2969,0.040543,1.010135,53,1.324725
mr_zscore,EURJPY,2020,"{""n"": 72, ""z"": 2.0}",0.0942,0.008504,0.217989,57,1.096996
mr_zscore,EURJPY,2021,"{""n"": 72, ""z"": 2.0}",0.1536,-0.013099,-0.365798,58,0.899058
mr_zscore,GBPUSD,2014,"{""n"": 72, ""z"": 2.0}",-0.034,-0.032768,-0.653946,67,0.788373
mr_zscore,GBPUSD,2015,"{""n"": 24, ""z"": 2.0}",-0.131,-0.03548,-0.80252,125,0.856233
mr_zscore,GBPUSD,2016,"{""n"": 72, ""z"": 2.0}",-0.2851,-0.083977,-2.065681,58,0.552913
mr_zscore,GBPUSD,2017,"{""n"": 24, ""z"": 2.0}",-0.6177,-0.016998,-0.362786,119,0.923509
mr_zscore,GBPUSD,2018,"{""n"": 24, ""z"": 2.0}",-0.5081,-0.080203,-1.862894,127,0.707865
mr_zscore,GBPUSD,2019,"{""n"": 72, ""z"": 2.0}",-0.839,-0.045455,-1.214135,53,0.694043
mr_zscore,GBPUSD,2020,"{""n"": 72, ""z"": 2.0}",-0.9592,0.006322,0.168841,65,1.038217
mr_zscore,GBPUSD,2021,"{""n"": 72, ""z"": 2.5}",-0.216,-0.035799,-1.135619,32,0.65267
mr_zscore,AUDUSD,2014,"{""n"": 72, ""z"": 2.5}",-0.2256,-0.015561,-0.536672,31,0.83801
mr_zscore,AUDUSD,2015,"{""n"": 72, ""z"": 2.0}",-0.4222,-0.003357,-0.06001,65,0.980025
mr_zscore,AUDUSD,2016,"{""n"": 72, ""z"": 2.0}",0.0447,-0.038376,-0.846957,59,0.774695
mr_zscore,AUDUSD,2017,"{""n"": 72, ""z"": 2.0}",-0.1741,-0.028405,-0.639338,58,0.810157
mr_zscore,AUDUSD,2018,"{""n"": 72, ""z"": 2.0}",-0.1629,-0.014897,-0.34426,56,0.904251
mr_zscore,AUDUSD,2019,"{""n"": 24, ""z"": 2.5}",-0.4431,-0.048567,-1.484814,68,0.706264
mr_zscore,AUDUSD,2020,"{""n"": 24, ""z"": 2.5}",-0.6316,-0.031503,-0.858222,76,0.810335
mr_zscore,AUDUSD,2021,"{""n"": 72, ""z"": 2.0}",-0.6642,-0.068107,-1.902793,53,0.578767
regime_switch,USDJPY,2014,"{""adx_trend"": 30, ""brk"": 48}",0.7791,-0.010208,-0.17761,64,0.938861
regime_switch,USDJPY,2015,"{""adx_trend"": 25, ""brk"": 48}",0.4534,-0.038305,-0.629328,66,1.029122
regime_switch,USDJPY,2016,"{""adx_trend"": 25, ""brk"": 48}",-0.0073,0.034204,0.291446,57,0.935142
regime_switch,USDJPY,2017,"{""adx_trend"": 25, ""brk"": 24}",0.0908,-0.09769,-1.97694,78,0.53443
regime_switch,USDJPY,2018,"{""adx_trend"": 25, ""brk"": 24}",-0.3606,-0.015964,-0.252406,79,1.006516
regime_switch,USDJPY,2019,"{""adx_trend"": 25, ""brk"": 24}",-0.4513,-0.033889,-0.442251,96,0.818317
regime_switch,USDJPY,2020,"{""adx_trend"": 25, ""brk"": 24}",-0.4836,-0.107172,-1.805738,95,0.62284
regime_switch,USDJPY,2021,"{""adx_trend"": 30, ""brk"": 48}",-0.9464,-0.094769,-1.778876,67,0.540239
regime_switch,EURUSD,2014,"{""adx_trend"": 30, ""brk"": 48}",0.2828,-0.029478,-0.693996,55,0.75756
regime_switch,EURUSD,2015,"{""adx_trend"": 30, ""brk"": 48}",0.1065,0.046985,0.808368,66,1.317542
regime_switch,EURUSD,2016,"{""adx_trend"": 30, ""brk"": 24}",0.5206,0.020386,0.347101,61,1.118931
regime_switch,EURUSD,2017,"{""adx_trend"": 30, ""brk"": 48}",0.3093,-0.019387,-0.326656,69,0.918072
regime_switch,EURUSD,2018,"{""adx_trend"": 30, ""brk"": 48}",0.1326,-0.040957,-0.842199,64,0.776543
regime_switch,EURUSD,2019,"{""adx_trend"": 25, ""brk"": 24}",0.2113,-0.165427,-3.601549,88,0.380269
regime_switch,EURUSD,2020,"{""adx_trend"": 25, ""brk"": 24}",-0.6718,0.027204,0.469126,64,1.159451
regime_switch,EURUSD,2021,"{""adx_trend"": 25, ""brk"": 48}",-0.7035,-0.029149,-0.539786,67,0.832275
regime_switch,EURJPY,2014,"{""adx_trend"": 25, ""brk"": 48}",-0.2714,-0.045597,-0.806318,67,0.75271
regime_switch,EURJPY,2015,"{""adx_trend"": 25, ""brk"": 48}",-0.2857,0.044378,0.792856,70,1.384535
regime_switch,EURJPY,2016,"{""adx_trend"": 25, ""brk"": 24}",0.2893,-0.016582,-0.520251,72,0.845648
regime_switch,EURJPY,2017,"{""adx_trend"": 25, ""brk"": 24}",0.1995,-0.098612,-1.569443,88,0.622299
regime_switch,EURJPY,2018,"{""adx_trend"": 25, ""brk"": 24}",-0.2259,-0.003314,0.009758,72,0.973956
regime_switch,EURJPY,2019,"{""adx_trend"": 25, ""brk"": 24}",-0.1236,-0.041055,-0.717488,81,0.845131
regime_switch,EURJPY,2020,"{""adx_trend"": 25, ""brk"": 24}",-0.7537,-0.019862,-0.373899,62,0.885852
regime_switch,EURJPY,2021,"{""adx_trend"": 25, ""brk"": 24}",-0.7244,-0.099559,-1.925478,80,0.559201
regime_switch,GBPUSD,2014,"{""adx_trend"": 30, ""brk"": 48}",-0.6492,0.028695,0.608933,55,1.255584
regime_switch,GBPUSD,2015,"{""adx_trend"": 30, ""brk"": 48}",-0.3893,-0.01441,-0.263306,67,0.90046
regime_switch,GBPUSD,2016,"{""adx_trend"": 30, ""brk"": 48}",-0.0217,-0.00288,0.080186,61,1.00938
regime_switch,GBPUSD,2017,"{""adx_trend"": 30, ""brk"": 24}",0.0505,-0.075621,-1.383665,73,0.640511
regime_switch,GBPUSD,2018,"{""adx_trend"": 25, ""brk"": 48}",-0.184,0.001388,0.05677,84,1.038279
regime_switch,GBPUSD,2019,"{""adx_trend"": 30, ""brk"": 24}",-0.1626,-0.077959,-1.271378,78,0.555651
regime_switch,GBPUSD,2020,"{""adx_trend"": 25, ""brk"": 24}",-0.3892,-0.132465,-3.030013,78,0.377521
regime_switch,GBPUSD,2021,"{""adx_trend"": 30, ""brk"": 48}",-1.0352,0.022584,0.480483,78,1.108497
regime_switch,AUDUSD,2014,"{""adx_trend"": 30, ""brk"": 24}",-1.2136,-0.015958,-0.261981,71,0.958318
regime_switch,AUDUSD,2015,"{""adx_trend"": 30, ""brk"": 24}",-1.0343,0.004833,0.131752,73,0.989371
regime_switch,AUDUSD,2016,"{""adx_trend"": 30, ""brk"": 24}",-0.3928,-0.014819,-0.152487,67,0.90922
regime_switch,AUDUSD,2017,"{""adx_trend"": 30, ""brk"": 24}",-0.0949,-0.028826,-0.587799,66,0.846796
regime_switch,AUDUSD,2018,"{""adx_trend"": 30, ""brk"": 24}",-0.2221,-0.042877,-0.654058,71,0.801818
regime_switch,AUDUSD,2019,"{""adx_trend"": 25, ""brk"": 48}",-0.2556,0.039085,0.67571,72,1.160671
regime_switch,AUDUSD,2020,"{""adx_trend"": 25, ""brk"": 48}",-0.035,-0.127389,-2.964384,70,0.371967
regime_switch,AUDUSD,2021,"{""adx_trend"": 25, ""brk"": 48}",-0.5565,-0.060863,-1.152974,84,0.737421
mtf_pullback,USDJPY,2014,"{""rsi_th"": 35, ""tp_atr"": 3.0}",-0.2277,0.030835,1.346115,14,2.123832
mtf_pullback,USDJPY,2015,"{""rsi_th"": 35, ""tp_atr"": 3.0}",0.1228,-0.020375,-1.271937,9,0.405238
mtf_pullback,USDJPY,2016,"{""rsi_th"": 35, ""tp_atr"": 3.0}",-0.2617,-0.004828,-0.226496,11,0.854541
mtf_pullback,USDJPY,2017,"{""rsi_th"": 35, ""tp_atr"": 3.0}",-0.361,0.011217,0.8955,5,2.121446
mtf_pullback,USDJPY,2018,"{""rsi_th"": 35, ""tp_atr"": 3.0}",0.2277,0.012769,0.576735,10,1.518424
mtf_pullback,USDJPY,2019,"{""rsi_th"": 40, ""tp_atr"": 3.0}",0.0456,0.008943,0.293997,30,1.113673
mtf_pullback,USDJPY,2020,"{""rsi_th"": 40, ""tp_atr"": 3.0}",0.0877,-0.054526,-1.854106,31,0.557552
mtf_pullback,USDJPY,2021,"{""rsi_th"": 35, ""tp_atr"": 3.0}",-0.1686,-0.028819,-1.634956,12,0.345158
mtf_pullback,EURUSD,2014,"{""rsi_th"": 35, ""tp_atr"": 2.0}",0.4389,0.008837,0.742419,8,1.698929
mtf_pullback,EURUSD,2015,"{""rsi_th"": 35, ""tp_atr"": 2.0}",0.5584,-0.009803,-0.831606,6,0.491377
mtf_pullback,EURUSD,2016,"{""rsi_th"": 35, ""tp_atr"": 3.0}",0.1552,-0.027908,-1.626,11,0.323427
mtf_pullback,EURUSD,2017,"{""rsi_th"": 35, ""tp_atr"": 3.0}",-0.1659,-0.010656,-0.770626,7,0.575597
mtf_pullback,EURUSD,2018,"{""rsi_th"": 35, ""tp_atr"": 3.0}",-0.5369,0.002372,0.150602,7,1.121021
mtf_pullback,EURUSD,2019,"{""rsi_th"": 40, ""tp_atr"": 3.0}",-0.0767,-0.010643,-0.356731,27,0.857048
mtf_pullback,EURUSD,2020,"{""rsi_th"": 40, ""tp_atr"": 3.0}",0.0045,0.005065,0.170018,33,1.054507
mtf_pullback,EURUSD,2021,"{""rsi_th"": 40, ""tp_atr"": 3.0}",-0.0034,-0.075699,-2.354747,37,0.425478
mtf_pullback,EURJPY,2014,"{""rsi_th"": 35, ""tp_atr"": 3.0}",-0.2043,-0.040671,-2.215365,11,0.145491
mtf_pullback,EURJPY,2015,"{""rsi_th"": 35, ""tp_atr"": 3.0}",-1.0089,-0.021488,-0.953938,12,0.492132
mtf_pullback,EURJPY,2016,"{""rsi_th"": 40, ""tp_atr"": 3.0}",-0.6936,-0.044593,-1.563187,27,0.527948
mtf_pullback,EURJPY,2017,"{""rsi_th"": 35, ""tp_atr"": 2.0}",-0.7462,-0.024816,-1.68453,9,0.264903
mtf_pullback,EURJPY,2018,"{""rsi_th"": 40, ""tp_atr"": 2.0}",-0.2291,0.008341,0.340255,26,1.145258
mtf_pullback,EURJPY,2019,"{""rsi_th"": 40, ""tp_atr"": 3.0}",0.1686,0.026471,0.763871,33,1.316581
mtf_pullback,EURJPY,2020,"{""rsi_th"": 40, ""tp_atr"": 3.0}",0.168,0.020367,0.538104,42,1.174223
mtf_pullback,EURJPY,2021,"{""rsi_th"": 40, ""tp_atr"": 3.0}",0.6261,-0.054223,-1.778945,34,0.532564
mtf_pullback,GBPUSD,2014,"{""rsi_th"": 35, ""tp_atr"": 2.0}",0.8456,-0.005715,-0.398613,11,0.791576
mtf_pullback,GBPUSD,2015,"{""rsi_th"": 35, ""tp_atr"": 2.0}",0.78,-0.015448,-1.010361,11,0.546756
mtf_pullback,GBPUSD,2016,"{""rsi_th"": 35, ""tp_atr"": 2.0}",0.009,-0.000355,-0.022283,8,0.981631
mtf_pullback,GBPUSD,2017,"{""rsi_th"": 35, ""tp_atr"": 2.0}",-0.0604,-0.028789,-1.808303,12,0.326615
mtf_pullback,GBPUSD,2018,"{""rsi_th"": 40, ""tp_atr"": 3.0}",-0.0645,-0.021305,-0.594951,41,0.830531
mtf_pullback,GBPUSD,2019,"{""rsi_th"": 40, ""tp_atr"": 3.0}",0.1137,-0.012419,-0.317915,39,0.887733
mtf_pullback,GBPUSD,2020,"{""rsi_th"": 40, ""tp_atr"": 3.0}",-0.1142,-0.049699,-1.704942,29,0.518571
mtf_pullback,GBPUSD,2021,"{""rsi_th"": 40, ""tp_atr"": 3.0}",-0.4296,-0.084066,-2.622042,38,0.39215
mtf_pullback,AUDUSD,2014,"{""rsi_th"": 35, ""tp_atr"": 2.0}",0.454,-0.001213,-0.093888,8,0.940191
mtf_pullback,AUDUSD,2015,"{""rsi_th"": 35, ""tp_atr"": 2.0}",0.3753,-0.011178,-0.693764,12,0.674969
mtf_pullback,AUDUSD,2016,"{""rsi_th"": 40, ""tp_atr"": 3.0}",0.5515,-0.001769,0.143358,36,1.041888
mtf_pullback,AUDUSD,2017,"{""rsi_th"": 40, ""tp_atr"": 3.0}",0.5279,0.044495,1.244986,29,1.656285
mtf_pullback,AUDUSD,2018,"{""rsi_th"": 40, ""tp_atr"": 3.0}",0.505,0.026756,0.762005,32,1.324142
mtf_pullback,AUDUSD,2019,"{""rsi_th"": 40, ""tp_atr"": 3.0}",0.4883,-0.041016,-1.152224,34,0.655163
mtf_pullback,AUDUSD,2020,"{""rsi_th"": 40, ""tp_atr"": 3.0}",0.2465,-0.05843,-1.872312,32,0.488827
mtf_pullback,AUDUSD,2021,"{""rsi_th"": 40, ""tp_atr"": 3.0}",-0.2136,-0.043515,-1.278371,36,0.642526
ml_logit,USDJPY,2014,"{""horizon"": 12, ""th"": 0.55}",-1000000000.0,0.033179,0.380058,507,1.037158
ml_logit,USDJPY,2015,"{""horizon"": 12, ""th"": 0.6}",0.3524,-0.066316,-1.28522,105,0.727015
ml_logit,USDJPY,2016,"{""horizon"": 12, ""th"": 0.6}",-0.2302,-0.015245,-0.32431,119,0.932794
ml_logit,USDJPY,2017,"{""horizon"": 12, ""th"": 0.6}",-0.2811,0.004814,1.001929,1,
ml_logit,USDJPY,2018,"{""horizon"": 12, ""th"": 0.6}",-0.2522,-0.005039,-1.0,1,0.0
ml_logit,USDJPY,2019,"{""horizon"": 12, ""th"": 0.6}",-0.5931,0.004936,1.032994,2,
ml_logit,USDJPY,2020,"{""horizon"": 12, ""th"": 0.6}",-0.107,0.013866,1.604485,3,
ml_logit,USDJPY,2021,"{""horizon"": 12, ""th"": 0.6}",0.7667,0.001309,0.151039,4,1.161478
ml_logit,EURUSD,2014,"{""horizon"": 12, ""th"": 0.55}",-1000000000.0,-0.146437,-1.611032,519,0.841434
ml_logit,EURUSD,2015,"{""horizon"": 12, ""th"": 0.6}",-0.0321,0.028211,1.5194,25,1.768995
ml_logit,EURUSD,2016,"{""horizon"": 12, ""th"": 0.6}",0.2917,-0.015723,-0.83092,18,0.617455
ml_logit,EURUSD,2017,"{""horizon"": 12, ""th"": 0.6}",0.1029,-9.8e-05,0.002672,23,0.997812
ml_logit,EURUSD,2018,"{""horizon"": 12, ""th"": 0.6}",0.0975,-0.003597,-0.120283,25,0.934642
ml_logit,EURUSD,2019,"{""horizon"": 12, ""th"": 0.6}",0.1104,0.007686,0.586382,12,1.429971
ml_logit,EURUSD,2020,"{""horizon"": 12, ""th"": 0.6}",-0.1416,-5.6e-05,0.004139,15,0.998381
ml_logit,EURUSD,2021,"{""horizon"": 12, ""th"": 0.6}",0.061,-0.000191,-0.102692,1,0.0
ml_logit,EURJPY,2014,"{""horizon"": 12, ""th"": 0.55}",-1000000000.0,-0.027153,-0.271251,398,0.963649
ml_logit,EURJPY,2015,"{""horizon"": 12, ""th"": 0.6}",0.4265,-0.026571,-0.803456,53,0.738762
ml_logit,EURJPY,2016,"{""horizon"": 12, ""th"": 0.6}",0.067,0.000343,0.027505,21,1.008896
ml_logit,EURJPY,2017,"{""horizon"": 12, ""th"": 0.6}",0.0676,0.010509,0.756755,17,1.385838
ml_logit,EURJPY,2018,"{""horizon"": 12, ""th"": 0.6}",0.156,0.008217,0.967911,9,1.709196
ml_logit,EURJPY,2019,"{""horizon"": 12, ""th"": 0.6}",-0.0807,0.007618,1.354694,2,
ml_logit,EURJPY,2020,"{""horizon"": 12, ""th"": 0.6}",0.4668,0.019477,1.447663,14,2.629151
ml_logit,EURJPY,2021,"{""horizon"": 12, ""th"": 0.6}",0.9809,0.004819,1.000037,2,
ml_logit,GBPUSD,2014,"{""horizon"": 12, ""th"": 0.55}",-1000000000.0,-0.134435,-2.554706,192,0.636515
ml_logit,GBPUSD,2015,"{""horizon"": 12, ""th"": 0.6}",-0.4984,-0.000617,-0.027091,25,0.984727
ml_logit,GBPUSD,2016,"{""horizon"": 12, ""th"": 0.6}",-0.2816,-0.022827,-0.752539,92,0.856005
ml_logit,GBPUSD,2017,"{""horizon"": 12, ""th"": 0.6}",-0.469,0.002039,0.164676,10,1.099438
ml_logit,GBPUSD,2018,"{""horizon"": 12, ""th"": 0.6}",-0.415,0.004774,1.162106,6,1.521164
ml_logit,GBPUSD,2019,"{""horizon"": 12, ""th"": 0.6}",-0.2175,-0.023397,-1.179609,11,0.321444
ml_logit,GBPUSD,2020,"{""horizon"": 12, ""th"": 0.6}",-0.5085,-0.014068,-1.050839,16,0.569232
ml_logit,GBPUSD,2021,"{""horizon"": 12, ""th"": 0.6}",-0.5561,0.0,0.0,0,
ml_logit,AUDUSD,2014,"{""horizon"": 12, ""th"": 0.55}",-1000000000.0,0.141391,1.867194,280,1.301698
ml_logit,AUDUSD,2015,"{""horizon"": 12, ""th"": 0.6}",1.2093,-0.013297,-0.439517,53,0.87965
ml_logit,AUDUSD,2016,"{""horizon"": 12, ""th"": 0.55}",0.7908,0.029272,0.634489,312,1.050221
ml_logit,AUDUSD,2017,"{""horizon"": 12, ""th"": 0.55}",0.7676,-0.065684,-0.872525,265,0.884181
ml_logit,AUDUSD,2018,"{""horizon"": 12, ""th"": 0.55}",0.4557,-0.054393,-0.692713,292,0.905206
ml_logit,AUDUSD,2019,"{""horizon"": 12, ""th"": 0.6}",-0.0338,-0.007309,-0.436893,17,0.77617
ml_logit,AUDUSD,2020,"{""horizon"": 12, ""th"": 0.6}",0.0235,-0.029712,-0.678334,111,0.867451
ml_logit,AUDUSD,2021,"{""horizon"": 12, ""th"": 0.6}",-0.2831,0.004205,0.461923,2,
ml_lgbm,USDJPY,2014,"{""horizon"": 12, ""th"": 0.55}",-1000000000.0,0.084745,0.756951,704,1.062579
ml_lgbm,USDJPY,2015,"{""horizon"": 12, ""th"": 0.6}",0.8395,-0.068472,-0.868909,332,0.893208
ml_lgbm,USDJPY,2016,"{""horizon"": 12, ""th"": 0.6}",0.364,0.140337,1.767269,305,1.252535
ml_lgbm,USDJPY,2017,"{""horizon"": 12, ""th"": 0.6}",0.7873,-0.051713,-0.962636,151,0.840158
ml_lgbm,USDJPY,2018,"{""horizon"": 12, ""th"": 0.6}",0.5583,-0.010008,-0.107505,92,0.952461
ml_lgbm,USDJPY,2019,"{""horizon"": 12, ""th"": 0.6}",0.0218,0.012389,0.277499,164,1.060701
ml_lgbm,USDJPY,2020,"{""horizon"": 12, ""th"": 0.6}",0.3596,0.000371,0.038097,243,1.000802
ml_lgbm,USDJPY,2021,"{""horizon"": 12, ""th"": 0.6}",-0.1867,-0.094514,-1.508901,213,0.77507
ml_lgbm,EURUSD,2014,"{""horizon"": 12, ""th"": 0.55}",-1000000000.0,-0.075236,-0.707166,714,0.933192
ml_lgbm,EURUSD,2015,"{""horizon"": 12, ""th"": 0.55}",-0.3535,-0.113078,-1.116159,628,0.902417
ml_lgbm,EURUSD,2016,"{""horizon"": 12, ""th"": 0.6}",-0.3609,-0.046584,-0.865106,187,0.877419
ml_lgbm,EURUSD,2017,"{""horizon"": 12, ""th"": 0.6}",-0.5059,-0.006683,-0.039555,157,0.973862
ml_lgbm,EURUSD,2018,"{""horizon"": 12, ""th"": 0.6}",-0.4781,-0.027909,-0.496245,193,0.922576
ml_lgbm,EURUSD,2019,"{""horizon"": 12, ""th"": 0.55}",-0.0753,-0.220404,-2.524642,553,0.769405
ml_lgbm,EURUSD,2020,"{""horizon"": 12, ""th"": 0.55}",-0.4349,-0.295906,-3.41142,616,0.737509
ml_lgbm,EURUSD,2021,"{""horizon"": 12, ""th"": 0.55}",-1.2645,-0.13288,-1.486294,586,0.872204
ml_lgbm,EURJPY,2014,"{""horizon"": 12, ""th"": 0.55}",-1000000000.0,-0.070399,-0.656297,632,0.942565
ml_lgbm,EURJPY,2015,"{""horizon"": 12, ""th"": 0.55}",-0.3281,-0.025158,-0.197401,588,0.975812
ml_lgbm,EURJPY,2016,"{""horizon"": 12, ""th"": 0.6}",-0.1204,0.027784,0.387421,205,1.057215
ml_lgbm,EURJPY,2017,"{""horizon"": 12, ""th"": 0.6}",0.0123,-0.071187,-1.114477,222,0.838333
ml_lgbm,EURJPY,2018,"{""horizon"": 12, ""th"": 0.6}",-0.2571,-0.036586,-0.835314,106,0.830263
ml_lgbm,EURJPY,2019,"{""horizon"": 12, ""th"": 0.6}",-0.2268,-0.003213,-0.048535,101,0.982438
ml_lgbm,EURJPY,2020,"{""horizon"": 12, ""th"": 0.6}",-0.3939,0.057027,1.261578,145,1.24909
ml_lgbm,EURJPY,2021,"{""horizon"": 12, ""th"": 0.6}",-0.2674,-0.001385,0.087764,189,0.996221
ml_lgbm,GBPUSD,2014,"{""horizon"": 12, ""th"": 0.55}",-1000000000.0,-0.134494,-1.493711,615,0.861991
ml_lgbm,GBPUSD,2015,"{""horizon"": 12, ""th"": 0.6}",-0.4644,0.005039,0.109378,254,1.010715
ml_lgbm,GBPUSD,2016,"{""horizon"": 12, ""th"": 0.6}",-0.2841,0.011095,0.220407,228,1.027775
ml_lgbm,GBPUSD,2017,"{""horizon"": 12, ""th"": 0.6}",-0.1815,-0.002553,-0.008709,197,0.998321
ml_lgbm,GBPUSD,2018,"{""horizon"": 12, ""th"": 0.6}",-0.1588,-0.054298,-0.922821,165,0.828375
ml_lgbm,GBPUSD,2019,"{""horizon"": 12, ""th"": 0.6}",-0.14,-0.08819,-1.398568,188,0.765471
ml_lgbm,GBPUSD,2020,"{""horizon"": 12, ""th"": 0.6}",-0.5346,-0.05596,-1.066609,151,0.823909
ml_lgbm,GBPUSD,2021,"{""horizon"": 12, ""th"": 0.6}",-0.8283,-0.002416,-0.021093,150,0.991681
ml_lgbm,AUDUSD,2014,"{""horizon"": 12, ""th"": 0.55}",-1000000000.0,-0.061421,-0.534758,662,0.948478
ml_lgbm,AUDUSD,2015,"{""horizon"": 12, ""th"": 0.55}",-0.2674,-0.139179,-1.489543,619,0.872132
ml_lgbm,AUDUSD,2016,"{""horizon"": 12, ""th"": 0.55}",-0.697,0.128744,1.218733,511,1.137841
ml_lgbm,AUDUSD,2017,"{""horizon"": 12, ""th"": 0.55}",-0.2232,-0.12317,-1.374123,486,0.869004
ml_lgbm,AUDUSD,2018,"{""horizon"": 12, ""th"": 0.55}",-0.5237,0.052476,0.569405,545,1.046771
ml_lgbm,AUDUSD,2019,"{""horizon"": 12, ""th"": 0.55}",-0.2396,-0.409698,-5.135334,540,0.598343
ml_lgbm,AUDUSD,2020,"{""horizon"": 12, ""th"": 0.6}",-0.8529,-0.115733,-1.555731,314,0.807015
ml_lgbm,AUDUSD,2021,"{""horizon"": 12, ""th"": 0.6}",-1.4718,-0.079266,-1.332753,204,0.812054
