bar,equity,cash,gross_notional,open_positions
2026-09-25 13:00:00+00:00,1000000.0,1000000.0,0,0
2026-09-25 14:00:00+00:00,1000000.0,1000000.0,0,0
2026-09-25 15:00:00+00:00,1000000.0,1000000.0,0,0
2026-09-25 16:00:00+00:00,1000000.0,1000000.0,0,0
2026-09-25 17:00:00+00:00,1000000.0,1000000.0,0,0
2026-09-25 18:00:00+00:00,1000000.0,1000000.0,0,0
2026-09-25 19:00:00+00:00,1000000.0,1000000.0,0,0
2026-09-25 20:00:00+00:00,1000000.0,1000000.0,0,0
2026-09-27 21:00:00+00:00,1000000.0,1000000.0,0,0
2026-09-27 22:00:00+00:00,1000000.0,1000000.0,0,0
2026-09-27 23:00:00+00:00,1000000.0,1000000.0,0,0
2026-09-28 00:00:00+00:00,1000000.0,1000000.0,0,0
2026-09-28 01:00:00+00:00,1000000.0,1000000.0,0,0
2026-09-28 02:00:00+00:00,1000000.0,1000000.0,0,0
2026-09-28 03:00:00+00:00,1000000.0,1000000.0,0,0
2026-09-28 04:00:00+00:00,1000000.0,1000000.0,0,0
2026-09-28 05:00:00+00:00,1000000.0,1000000.0,0,0
2026-09-28 06:00:00+00:00,1000000.0,1000000.0,0,0
2026-09-28 07:00:00+00:00,1000000.0,1000000.0,0,0
2026-09-28 08:00:00+00:00,1000000.0,1000000.0,0,0
2026-09-28 09:00:00+00:00,1000000.0,1000000.0,0,0
2026-09-28 10:00:00+00:00,1000000.0,1000000.0,0,0
2026-09-28 11:00:00+00:00,1000000.0,1000000.0,0,0
2026-09-28 12:00:00+00:00,1000000.0,1000000.0,0,0
2026-09-28 13:00:00+00:00,1000000.0,1000000.0,0,0
2026-09-28 14:00:00+00:00,1000000.0,1000000.0,0,0
2026-09-28 15:00:00+00:00,1000000.0,1000000.0,0,0
2026-09-28 16:00:00+00:00,1000000.0,1000000.0,0,0
2026-09-28 17:00:00+00:00,1000000.0,1000000.0,0,0
2026-09-28 18:00:00+00:00,1000000.0,1000000.0,0,0
2026-09-28 19:00:00+00:00,1000000.0,1000000.0,0,0
2026-09-28 20:00:00+00:00,1000000.0,1000000.0,0,0
2026-09-28 21:00:00+00:00,1000000.0,1000000.0,0,0
2026-09-28 22:00:00+00:00,1000000.0,1000000.0,0,0
2026-09-28 23:00:00+00:00,1000000.0,1000000.0,0,0
2026-09-29 00:00:00+00:00,1000000.0,1000000.0,0,0
2026-09-29 01:00:00+00:00,1000000.0,1000000.0,0,0
2026-09-29 02:00:00+00:00,1000000.0,1000000.0,0,0
2026-09-29 03:00:00+00:00,1000000.0,1000000.0,0,0
2026-09-29 04:00:00+00:00,1000000.0,1000000.0,0,0
2026-09-29 05:00:00+00:00,1000000.0,1000000.0,0,0
2026-09-29 06:00:00+00:00,1000866.1,1000000.0,1211329.56,1
2026-09-29 07:00:00+00:00,1000173.12,1000000.0,1209956.3,1
2026-09-29 08:00:00+00:00,1000562.59,1000000.0,1210226.62,1
2026-09-29 09:00:00+00:00,998924.47,1000000.0,1211169.39,1
2026-09-29 10:00:00+00:00,1004272.79,1000000.0,2994480.9,2
2026-09-29 11:00:00+00:00,1005032.46,1000000.0,2994515.66,2
2026-09-29 12:00:00+00:00,1001847.27,1000000.0,2994786.46,2
2026-09-29 13:00:00+00:00,1001469.25,1000000.0,2996957.62,2
2026-09-29 14:00:00+00:00,1000404.19,1000000.0,2997716.56,2
2026-09-29 15:00:00+00:00,998527.33,1000000.0,2994478.33,2
2026-09-29 16:00:00+00:00,993556.61,1000000.0,2988705.97,2
2026-09-29 17:00:00+00:00,993771.98,1000000.0,2989471.58,2
2026-09-29 18:00:00+00:00,1000740.49,1000000.0,2991214.54,2
2026-09-29 19:00:00+00:00,1000511.34,1000000.0,2993209.23,2
2026-09-29 20:00:00+00:00,1000649.6,1000000.0,2992602.3,2
2026-09-29 21:00:00+00:00,1001103.93,999837.76,2993578.58,2
2026-09-29 22:00:00+00:00,999867.66,999837.76,2993407.4,2
2026-09-29 23:00:00+00:00,1000969.67,999837.76,2995628.4,2
2026-09-30 00:00:00+00:00,1000793.85,999837.76,2989627.56,2
2026-09-30 01:00:00+00:00,994871.95,994762.22,1776820.0,1
2026-09-30 02:00:00+00:00,996080.23,994762.22,3934869.81,3
2026-09-30 03:00:00+00:00,995061.81,994762.22,3937689.3,3
2026-09-30 04:00:00+00:00,997101.36,994762.22,3944692.25,3
2026-09-30 05:00:00+00:00,999525.63,994762.22,3942476.26,3
2026-09-30 06:00:00+00:00,999356.85,994762.22,3941422.0,3
2026-09-30 07:00:00+00:00,999768.39,994762.22,3942748.48,3
2026-09-30 08:00:00+00:00,1003117.88,994762.22,3947448.77,3
2026-09-30 09:00:00+00:00,1002997.35,994762.22,3949088.37,3
2026-09-30 10:00:00+00:00,1003781.3,994762.22,3949322.3,3
2026-09-30 11:00:00+00:00,1000505.01,994762.22,3946062.52,3
2026-09-30 12:00:00+00:00,1003288.44,994762.22,3945643.92,3
2026-09-30 13:00:00+00:00,999897.67,999358.22,2159300.76,2
2026-09-30 14:00:00+00:00,1002196.04,999358.22,2163933.96,2
2026-09-30 15:00:00+00:00,1000928.76,999358.22,2163508.87,2
2026-09-30 16:00:00+00:00,1000520.86,999358.22,2163226.87,2
2026-09-30 17:00:00+00:00,1000093.52,999358.22,2163039.94,2
2026-09-30 18:00:00+00:00,999893.22,999358.22,2162999.43,2
2026-09-30 19:00:00+00:00,999146.97,999358.22,2162704.91,2
