spec_id,dimension,state,trades,pnl_jpy,win_rate,profit_factor
ml_lgbm_v1,regime4h,HIGH_VOL,1410,-171254.24595826087,0.4879432624113475,0.869587211559363
ml_lgbm_v1,regime4h,NEUTRAL,3545,-286479.1384287715,0.48067700987306067,0.8990962620894262
ml_lgbm_v1,regime4h,RANGE,5775,-176354.80866619846,0.48484848484848486,0.9606942201057395
ml_lgbm_v1,regime4h,TREND,7713,-302623.1768488303,0.48852586542201476,0.9524857054617396
ml_lgbm_v1,month_dir,DOWN,4074,-405152.0140107986,0.468826705940108,0.8866801810050179
ml_lgbm_v1,month_dir,FLAT,10471,-370045.73630301224,0.49040206284022536,0.9563090133751249
ml_lgbm_v1,month_dir,UP,3898,-161513.61958825035,0.491277578245254,0.9454940902075957
ml_lgbm_v1,month_vol,HIGH_VOL,6293,-113704.18077259907,0.4975369458128079,0.9781060170142253
ml_lgbm_v1,month_vol,LOW_VOL,12150,-823007.1891294621,0.47975308641975306,0.9161458194382326
ml_logit_v1,regime4h,HIGH_VOL,507,69395.01371133432,0.5364891518737672,1.0821454169434217
ml_logit_v1,regime4h,NEUTRAL,223,-50036.332880298534,0.47533632286995514,0.8855742395978803
ml_logit_v1,regime4h,RANGE,236,60759.26763398823,0.5211864406779662,1.145739511042019
ml_logit_v1,regime4h,TREND,885,-112704.4063246955,0.49491525423728816,0.9367681313337037
ml_logit_v1,month_dir,DOWN,544,-178275.68092977576,0.4742647058823529,0.839064364020186
ml_logit_v1,month_dir,FLAT,787,110244.34490364879,0.5298602287166455,1.0800505163952565
ml_logit_v1,month_dir,UP,520,35444.87816645541,0.5076923076923077,1.035571630892331
ml_logit_v1,month_vol,HIGH_VOL,1097,-24116.744898732955,0.5186873290793071,0.9883580097519193
ml_logit_v1,month_vol,LOW_VOL,754,-8469.712960938654,0.4907161803713528,0.9939924104279385
mr_rsi_bb_v1,regime4h,HIGH_VOL,195,-34582.065231328466,0.5128205128205128,0.8501794179689947
mr_rsi_bb_v1,regime4h,NEUTRAL,801,-53895.153338718206,0.4818976279650437,0.9451181792291538
mr_rsi_bb_v1,regime4h,RANGE,1725,-253760.78919488678,0.4736231884057971,0.8864682816892984
mr_rsi_bb_v1,regime4h,TREND,1311,-326769.502089016,0.47292143401983217,0.8175772413569057
mr_rsi_bb_v1,regime4h,UNKNOWN,2,-9872.904328462158,0.0,0.0
mr_rsi_bb_v1,month_dir,DOWN,862,-321666.82493671693,0.4582366589327146,0.7341773321422769
mr_rsi_bb_v1,month_dir,FLAT,2201,-122155.04590920545,0.4943207632894139,0.9546552899775512
mr_rsi_bb_v1,month_dir,UP,971,-235058.54333648915,0.45314109165808447,0.8252542827763173
mr_rsi_bb_v1,month_vol,HIGH_VOL,1284,-296889.6569567693,0.45950155763239875,0.8223878644890459
mr_rsi_bb_v1,month_vol,LOW_VOL,2750,-381990.7572256422,0.48472727272727273,0.8932266586056185
mr_zscore_v1,regime4h,HIGH_VOL,419,-12765.496835152415,0.4439140811455847,0.9734631101865991
mr_zscore_v1,regime4h,NEUTRAL,889,-212055.82354873553,0.4296962879640045,0.8318304082832069
mr_zscore_v1,regime4h,RANGE,1045,-221761.43972305034,0.41626794258373206,0.8483663516622264
mr_zscore_v1,regime4h,TREND,2208,-178575.7901242138,0.4216485507246377,0.942914192867111
mr_zscore_v1,month_dir,DOWN,1153,-616357.3807467625,0.36079791847354725,0.6784651258190193
mr_zscore_v1,month_dir,FLAT,2409,386668.3095918167,0.4761311747613117,1.135317377106716
mr_zscore_v1,month_dir,UP,999,-395469.47907620616,0.3713713713713714,0.7462138280971481
mr_zscore_v1,month_vol,HIGH_VOL,1457,-192755.68189366147,0.4131777625257378,0.8970815803819967
mr_zscore_v1,month_vol,LOW_VOL,3104,-432402.8683374906,0.42912371134020616,0.903044221492231
mtf_pullback_v1,regime4h,HIGH_VOL,5,22682.420208131753,0.8,5.718426800563449
mtf_pullback_v1,regime4h,NEUTRAL,308,-92741.9204484252,0.37987012987012986,0.8851727847031736
mtf_pullback_v1,regime4h,RANGE,461,-119345.45129697828,0.3947939262472885,0.9002765696615485
mtf_pullback_v1,regime4h,TREND,832,-151289.4242673002,0.40625,0.9302488718295406
mtf_pullback_v1,month_dir,DOWN,314,112478.74430813617,0.45222929936305734,1.1474273564334327
mtf_pullback_v1,month_dir,FLAT,901,-572616.1129424467,0.35960044395116536,0.7708733038663148
mtf_pullback_v1,month_dir,UP,391,119442.99282973858,0.4475703324808184,1.1303738475915317
mtf_pullback_v1,month_vol,HIGH_VOL,416,-230800.2626136519,0.3701923076923077,0.7933132382359828
mtf_pullback_v1,month_vol,LOW_VOL,1190,-109894.11319092003,0.4092436974789916,0.9641051741881199
regime_switch_v1,regime4h,HIGH_VOL,34,-13794.705989565542,0.47058823529411764,0.4308438833044704
regime_switch_v1,regime4h,NEUTRAL,152,-96919.5618916807,0.3026315789473684,0.592813115216601
regime_switch_v1,regime4h,RANGE,3393,-583259.1877261329,0.3577954612437371,0.879158792686005
regime_switch_v1,regime4h,TREND,1831,-110838.65807783988,0.3320589841616603,0.9562895260310982
regime_switch_v1,month_dir,DOWN,1069,-82624.97047472844,0.36202057998129095,0.946371037344096
regime_switch_v1,month_dir,FLAT,3096,-698696.6810504848,0.3439922480620155,0.8353932107575912
regime_switch_v1,month_dir,UP,1245,-23490.462160005845,0.3469879518072289,0.9872288954325134
regime_switch_v1,month_vol,HIGH_VOL,1572,-88177.46825407355,0.3657760814249364,0.9575845796387468
regime_switch_v1,month_vol,LOW_VOL,3838,-716634.6454311453,0.3410630536737884,0.8707779721236156
trend_donchian_v1,regime4h,HIGH_VOL,110,5709.278071021744,0.2727272727272727,1.0205032500302158
trend_donchian_v1,regime4h,NEUTRAL,476,157707.4900377845,0.29831932773109243,1.1273563088587635
trend_donchian_v1,regime4h,RANGE,742,-429351.80842462764,0.2601078167115903,0.7862906549635963
trend_donchian_v1,regime4h,TREND,653,-208421.26565220888,0.24042879019908117,0.8892415961163279
trend_donchian_v1,month_dir,DOWN,385,538526.1417668745,0.35844155844155845,1.5960441182963316
trend_donchian_v1,month_dir,FLAT,1186,-2106209.844167397,0.18549747048903878,0.4120331977606328
trend_donchian_v1,month_dir,UP,410,1093327.396432492,0.4,2.185959896843713
trend_donchian_v1,month_vol,HIGH_VOL,573,83884.44364109027,0.28097731239092494,1.0543507079451404
trend_donchian_v1,month_vol,LOW_VOL,1408,-558240.7496091207,0.25639204545454547,0.8555349612199364
trend_ema_adx_v1,regime4h,HIGH_VOL,313,-204964.17335382957,0.2747603833865815,0.6852202674543156
trend_ema_adx_v1,regime4h,NEUTRAL,1140,-11026.237845234624,0.3236842105263158,0.9953762575977311
trend_ema_adx_v1,regime4h,RANGE,2436,21427.05835014381,0.31157635467980294,1.004067922874446
trend_ema_adx_v1,regime4h,TREND,887,-138356.63833232096,0.3111612175873732,0.9255401592214265
trend_ema_adx_v1,month_dir,DOWN,879,637377.5450211742,0.34698521046643915,1.3526674769236102
trend_ema_adx_v1,month_dir,FLAT,2941,-1096328.277737936,0.29853791227473647,0.8253236650101895
trend_ema_adx_v1,month_dir,UP,956,126030.74153552044,0.32112970711297073,1.0606602748614984
trend_ema_adx_v1,month_vol,HIGH_VOL,1511,-395844.10658450413,0.2971542025148908,0.8789074527493096
trend_ema_adx_v1,month_vol,LOW_VOL,3265,62924.115403262695,0.3188361408882083,1.009129551179296
trend_tsmom_v1,regime4h,HIGH_VOL,77,-32498.916788720977,0.36363636363636365,0.8334432061023886
trend_tsmom_v1,regime4h,NEUTRAL,196,-62150.67545844351,0.3673469387755102,0.9003949452895921
trend_tsmom_v1,regime4h,RANGE,237,152851.95824651912,0.38396624472573837,1.2090858889746348
trend_tsmom_v1,regime4h,TREND,617,99142.79179526897,0.3760129659643436,1.050213218403723
trend_tsmom_v1,month_dir,DOWN,260,601542.0972519859,0.5,2.0122355730156225
trend_tsmom_v1,month_dir,FLAT,591,-1151683.9235899472,0.272419627749577,0.48108322158680006
trend_tsmom_v1,month_dir,UP,276,707486.9841325849,0.4782608695652174,1.995189082602397
trend_tsmom_v1,month_vol,HIGH_VOL,357,107718.10245068852,0.36694677871148457,1.0994256954740536
trend_tsmom_v1,month_vol,LOW_VOL,770,49627.05534393512,0.37922077922077924,1.0203291679114506
