strategy_version,pair,side,entry_time,exit_time,entry_price,exit_price,units,notional_jpy,pnl_jpy,gross_mid_pnl_jpy,cost_spread_jpy,cost_slip_jpy,commission_jpy,swap_jpy,risk_jpy,r_multiple,equity_at_entry,ret_on_equity,bars,exit_reason,signal_time,sl_initial,sl_final,tp,entry_spread_pips,exit_spread_pips,slippage_pips_entry,slippage_pips_exit,equity_after,drawdown_after
v11_intraday_region,USDJPY,1,2026-09-28 00:00:00+00:00,2026-09-28 06:00:00+00:00,157.437,157.668,1000.0,157430.5,230.99999999999454,239.99999999999,4.9999999999954525,4.0,0.0,0.0,5129.396309515183,0.04503453936118811,1000000.0,0.00023099999999999456,6,signal,2026-09-27 23:00:00+00:00,152.30760369048483,152.30760369048483,,0.49999999999954525,0.49999999999954525,0.2,0.2,999704.68,-0.0008699296947332069
v11_intraday_region,EURJPY,1,2026-09-28 00:00:00+00:00,2026-09-28 06:00:00+00:00,179.13500000000002,179.471,2000.0,358255.0,671.9999999999686,701.99999999996,21.99999999999136,8.0,0.0,0.0,9536.825427510108,0.07046369938381221,1000000.0,0.0006719999999999686,6,signal,2026-09-27 23:00:00+00:00,174.36658728624496,174.36658728624496,,1.2000000000000455,0.9999999999990905,0.2,0.2,999704.68,-0.0008699296947332069
v11_intraday_region,NZDUSD,-1,2026-09-28 00:00:00+00:00,2026-09-28 06:00:00+00:00,0.5649450000000001,0.566845,4000.0,355808.67305000004,-1198.318599999938,-1097.4853200000023,75.6249599999357,25.20832,0.0,0.0,11482.385530789028,-0.1043614671173294,1000000.0,-0.001198318599999938,6,signal,2026-09-27 23:00:00+00:00,0.5831790549175495,0.5831790549175495,,1.1999999999989797,1.1999999999989797,0.2,0.2,999704.68,-0.0008699296947332069
v11_intraday_region,EURUSD,-1,2026-09-28 07:00:00+00:00,2026-09-28 12:00:00+00:00,1.13767,1.1375600000000001,3000.0,537565.5,51.800264999921104,84.81982500001381,14.151240000092708,18.86832,0.0,0.0,9241.836698331535,0.005604975146257757,999704.6814000001,5.181556710065547e-05,5,signal,2026-09-28 06:00:00+00:00,1.1572292564691584,1.1572292564691584,,0.30000000000196536,0.30000000000196536,0.2,0.2,1001199.11,-0.00011115434223840648
v11_intraday_region,EURJPY,-1,2026-09-28 07:00:00+00:00,2026-09-28 12:00:00+00:00,179.183,178.562,2000.0,358377.0,1241.9999999999618,1267.999999999991,18.000000000029104,8.0,0.0,0.0,9536.825427510108,0.13023201582544072,999704.6814000001,0.0012423668940517993,5,signal,2026-09-28 06:00:00+00:00,183.95141271375505,183.95141271375505,,0.9999999999990905,0.8000000000038199,0.2,0.2,1001199.11,-0.00011115434223840648
v11_intraday_region,GBPUSD,-1,2026-09-28 07:00:00+00:00,2026-09-28 12:00:00+00:00,1.324125,1.3263100000000003,2000.0,417122.24755500007,-685.9610850001022,-641.9350050000359,31.447200000066363,12.578880000000002,0.0,0.0,7968.21687122049,-0.08608715049883346,999704.6814000001,-0.0006861637219098273,5,signal,2026-09-28 06:00:00+00:00,1.3494206856640112,1.3494206856640112,,1.0000000000021103,1.0000000000021103,0.2,0.2,1001199.11,-0.00011115434223840648
v11_intraday_region,GBPJPY,-1,2026-09-28 07:00:00+00:00,2026-09-28 12:00:00+00:00,208.552,208.19000000000005,1000.0,208561.12377750003,361.9999999999379,380.9999999999527,15.00000000001478,4.0,0.0,0.0,5876.743487404353,0.061598740999299004,999704.6814000001,0.0003621069369135975,5,signal,2026-09-28 06:00:00+00:00,214.42874348740435,214.42874348740435,,1.6999999999995907,1.3000000000033651,0.2,0.2,1001199.11,-0.00011115434223840648
v11_intraday_region,USDCHF,1,2026-09-28 07:00:00+00:00,2026-09-28 12:00:00+00:00,0.8303800000000001,0.8317700000000001,2000.0,315003.0,524.5936598384313,577.5688048488486,37.839389293153985,15.135755717263262,0.0,0.0,7607.993448979177,0.06895295893148017,999704.6814000001,0.0005247486278685653,5,signal,2026-09-28 06:00:00+00:00,0.8103263655880908,0.8103263655880908,,0.9999999999998899,0.9999999999998899,0.2,0.2,1001199.11,-0.00011115434223840648
v11_intraday_region,USDJPY,-1,2026-09-28 16:00:00+00:00,2026-09-28 20:00:00+00:00,157.44,157.431,1000.0,157444.5,8.99999999998613,17.499999999993406,4.500000000007276,4.0,0.0,0.0,5129.396309515183,0.00175459244264103,1001199.1142398383,8.989220897203242e-06,4,signal,2026-09-28 15:00:00+00:00,162.56939630951518,162.56939630951518,,0.40000000000190994,0.49999999999954525,0.2,0.2,1000757.09,-0.0022663224085319733
v11_intraday_region,EURUSD,1,2026-09-28 16:00:00+00:00,2026-09-28 20:00:00+00:00,1.1366800000000001,1.1366450000000001,3000.0,536877.0,-16.529835000003423,16.531672500089407,14.169217500092827,18.892290000000003,0.0,0.0,9238.49206547531,-0.0017892351785175216,1001199.1142398383,-1.6510037578842368e-05,4,signal,2026-09-28 15:00:00+00:00,1.1171207435308417,1.1171207435308417,,0.30000000000196536,0.30000000000196536,0.2,0.2,1000757.09,-0.0022663224085319733
v11_intraday_region,GBPUSD,1,2026-09-28 16:00:00+00:00,2026-09-28 20:00:00+00:00,1.3256450000000002,1.3250450000000003,2000.0,417413.7095100001,-188.91239999997921,-144.83038999991274,31.48715000006645,12.59486,0.0,0.0,7965.333163054794,-0.023716823406232667,1001199.1142398383,-0.00018868614375813864,4,signal,2026-09-28 15:00:00+00:00,1.300349314335989,1.300349314335989,,1.0000000000021103,1.0000000000021103,0.2,0.2,1000757.09,-0.0022663224085319733
v11_intraday_region,AUDUSD,1,2026-09-28 16:00:00+00:00,2026-09-28 20:00:00+00:00,0.7020050000000001,0.7017399999999999,4000.0,442072.6671,-166.87262000011447,-91.30346000006409,50.37944000005039,25.18972,0.0,0.0,11084.677469594013,-0.015054350517446885,1001199.1142398383,-0.0001666727603198218,4,signal,2026-09-28 15:00:00+00:00,0.6844040716258841,0.6844040716258841,,0.8000000000008001,0.8000000000008001,0.2,0.2,1000757.09,-0.0022663224085319733
v11_intraday_region,NZDUSD,1,2026-09-28 16:00:00+00:00,2026-09-28 20:00:00+00:00,0.566785,0.56666,4000.0,356895.19260000007,-78.71349999995638,22.045379999979367,75.56915999993575,25.18972,0.0,0.0,11483.406637864411,-0.006854542600661128,1001199.1142398383,-7.861922656585619e-05,4,signal,2026-09-28 15:00:00+00:00,0.5485509450824506,0.5485509450824506,,1.1999999999989797,1.1999999999989797,0.2,0.2,1000757.09,-0.0022663224085319733
v11_intraday_region,USDJPY,1,2026-09-29 00:00:00+00:00,2026-09-29 06:00:00+00:00,157.364,157.349,1000.0,157363.0,-15.00000000001478,-8.000000000000455,3.0000000000143245,4.0,0.0,0.0,5142.726494039428,-0.0029167407633674904,1000757.0858848381,-1.498865230292349e-05,6,signal,2026-09-28 23:00:00+00:00,152.22127350596057,152.22127350596057,,0.20000000000095497,0.40000000000190994,0.2,0.2,1002047.39,-0.0009799205663063582
v11_intraday_region,EURJPY,1,2026-09-29 00:00:00+00:00,2026-09-29 06:00:00+00:00,178.936,178.696,2000.0,357863.00000000006,-480.0000000000182,-457.00000000003183,14.999999999986358,8.0,0.0,0.0,9673.784156134594,-0.0496186386064473,1000757.0858848381,-0.0004796368736930973,6,signal,2026-09-28 23:00:00+00:00,174.0991079219327,174.0991079219327,,0.7999999999981355,0.7000000000005002,0.2,0.2,1002047.39,-0.0009799205663063582
v11_intraday_region,AUDUSD,-1,2026-09-29 00:00:00+00:00,2026-09-29 06:00:00+00:00,0.70148,0.6987600000000002,4000.0,441579.46155999997,1712.0060799998953,1787.5380399999456,50.35464000005035,25.17732,0.0,0.0,10937.913100596843,0.15652035852309681,1000757.0858848381,0.001710710924905611,6,signal,2026-09-28 23:00:00+00:00,0.7188568819554102,0.7188568819554102,,0.8000000000008001,0.8000000000008001,0.2,0.2,1002047.39,-0.0009799205663063582
v11_intraday_region,GBPJPY,1,2026-09-29 00:00:00+00:00,2026-09-29 06:00:00+00:00,208.58100000000002,208.22000000000003,1000.0,208568.92020000002,-360.99999999999,-336.50000000002,20.499999999969987,4.0,0.0,0.0,5846.006313034132,-0.06175155835790187,1000757.0858848381,-0.0003607268987566599,6,signal,2026-09-28 23:00:00+00:00,202.73499368696588,202.73499368696588,,1.999999999998181,2.0999999999958163,0.2,0.2,1002047.39,-0.0009799205663063582
v11_intraday_region,NZDUSD,-1,2026-09-29 00:00:00+00:00,2026-09-29 06:00:00+00:00,0.56618,0.5654899999999999,4000.0,356436.63678,434.29566000004996,535.0049399999857,75.53195999993578,25.17732,0.0,0.0,11387.637807163223,0.03813746690528415,1000757.0858848381,0.0004339671096268675,6,signal,2026-09-28 23:00:00+00:00,0.5842713521716719,0.5842713521716719,,1.1999999999989797,1.1999999999989797,0.2,0.2,1002047.39,-0.0009799205663063582
v11_intraday_region,EURUSD,-1,2026-09-29 07:00:00+00:00,2026-09-29 12:00:00+00:00,1.1360550000000003,1.1352300000000002,3000.0,536706.0,388.98585000003567,424.38043500014385,16.516245000108203,18.87834,0.0,0.0,9139.55669780825,0.0425606911649575,1002047.387624838,0.00038819107240232656,4,signal,2026-09-29 06:00:00+00:00,1.155401293645701,1.155401293645701,,0.30000000000196536,0.4000000000026205,0.2,0.2,1003315.49,-0.0004296402496908325
v11_intraday_region,EURJPY,-1,2026-09-29 07:00:00+00:00,2026-09-29 12:00:00+00:00,178.89300000000003,178.42000000000002,2000.0,357804.0,946.0000000000264,978.0000000000273,24.00000000000091,8.0,0.0,0.0,9673.784156134594,0.09779006692020557,1002047.387624838,0.0009440671286438246,4,signal,2026-09-29 06:00:00+00:00,183.72989207806734,183.72989207806734,,1.599999999996271,0.8000000000038199,0.2,0.2,1003315.49,-0.0004296402496908325
v11_intraday_region,GBPUSD,-1,2026-09-29 07:00:00+00:00,2026-09-29 12:00:00+00:00,1.32396,1.324645,2000.0,416996.3776500001,-215.31742000001466,-171.2679599999483,31.4639000000664,12.585560000000001,0.0,0.0,7924.955138280747,-0.027169544337222077,1002047.387624838,-0.00021487748250148477,4,signal,2026-09-29 06:00:00+00:00,1.3491229013808106,1.3491229013808106,,1.0000000000021103,1.0000000000021103,0.2,0.2,1003315.49,-0.0004296402496908325
v11_intraday_region,GBPJPY,-1,2026-09-29 07:00:00+00:00,2026-09-29 12:00:00+00:00,208.49099999999999,208.18600000000004,1000.0,208498.18882500005,304.99999999995,323.49999999994816,14.499999999998181,4.0,0.0,0.0,5846.006313034132,0.05217236924974378,1002047.387624838,0.0003043768226599485,4,signal,2026-09-29 06:00:00+00:00,214.33700631303412,214.33700631303412,,1.4999999999986358,1.4000000000010004,0.2,0.2,1003315.49,-0.0004296402496908325
v11_intraday_region,USDCHF,1,2026-09-29 07:00:00+00:00,2026-09-29 12:00:00+00:00,0.8335450000000001,0.83313,2000.0,314946.0,-156.56332551205543,-103.7036103583391,37.75693939551047,15.102775758205851,0.0,0.0,7559.048885751588,-0.020712040347717436,1002047.387624838,-0.00015624343463751638,4,signal,2026-09-29 06:00:00+00:00,0.8135410473086863,0.8135410473086863,,0.9999999999998899,0.9999999999998899,0.2,0.2,1003315.49,-0.0004296402496908325
v11_intraday_region,USDJPY,-1,2026-09-29 16:00:00+00:00,2026-09-29 20:00:00+00:00,157.499,157.336,1000.0,157504.5,162.9999999999825,169.49999999998022,2.4999999999977263,4.0,0.0,0.0,5142.726494039428,0.03169524962855876,1003315.492729326,0.00016246136054031467,4,signal,2026-09-29 15:00:00+00:00,162.64172649403943,162.64172649403943,,0.2999999999985903,0.20000000000095497,0.2,0.2,1004911.81,-0.00038899719842633296
v11_intraday_region,EURUSD,1,2026-09-29 16:00:00+00:00,2026-09-29 20:00:00+00:00,1.13359,1.1338400000000002,3000.0,535623.0,118.00050000003941,151.05854250013223,14.167732500092816,18.890310000000003,0.0,0.0,9141.384922557769,0.01290838324823792,1003315.492729326,0.0001176105630334102,4,signal,2026-09-29 15:00:00+00:00,1.1142437063542994,1.1142437063542994,,0.30000000000196536,0.30000000000196536,0.2,0.2,1004911.81,-0.00038899719842633296
v11_intraday_region,GBPUSD,1,2026-09-29 16:00:00+00:00,2026-09-29 20:00:00+00:00,1.32111,1.32282,2000.0,416136.33927000005,538.0822800000316,582.159670000098,31.483850000066443,12.59354,0.0,0.0,7926.540401067738,0.06788362296463532,1003315.492729326,0.0005363041674322029,4,signal,2026-09-29 15:00:00+00:00,1.2959470986191894,1.2959470986191894,,1.0000000000021103,1.0000000000021103,0.2,0.2,1004911.81,-0.00038899719842633296
v11_intraday_region,AUDUSD,1,2026-09-29 16:00:00+00:00,2026-09-29 20:00:00+00:00,0.6979250000000001,0.69864,4000.0,439661.2113900001,449.9752399999435,525.5364799999938,50.37416000005038,25.18708,0.0,0.0,10947.748415783604,0.041102080803318834,1003315.492729326,0.00044848828036719813,4,signal,2026-09-29 15:00:00+00:00,0.6805481180445899,0.6805481180445899,,0.8000000000008001,0.8000000000008001,0.2,0.2,1004911.81,-0.00038899719842633296
v11_intraday_region,NZDUSD,1,2026-09-29 16:00:00+00:00,2026-09-29 20:00:00+00:00,0.56345,0.5639700000000001,4000.0,354930.09057000006,327.2547200000478,428.00303999998357,75.56123999993576,25.18708,0.0,0.0,11397.87751249239,0.02871190005695074,1003315.492729326,0.00032617329481259634,4,signal,2026-09-29 15:00:00+00:00,0.5453586478283281,0.5453586478283281,,1.1999999999989797,1.1999999999989797,0.2,0.2,1004911.81,-0.00038899719842633296
v11_intraday_region,USDJPY,1,2026-09-30 00:00:00+00:00,2026-09-30 06:00:00+00:00,157.429,156.887,1000.0,157428.0,-542.0000000000016,-534.4999999999991,3.500000000002501,4.0,0.0,0.0,5032.490169337455,-0.10770016070818432,1004911.8054693262,-0.00053935081372327,6,signal,2026-09-29 23:00:00+00:00,152.39650983066255,152.39650983066255,,0.2999999999985903,0.40000000000190994,0.2,0.2,1002765.81,-0.0025236772675283348
v11_intraday_region,EURJPY,1,2026-09-30 00:00:00+00:00,2026-09-30 06:00:00+00:00,178.54000000000002,177.98399999999998,2000.0,357071.0,-1112.00000000008,-1087.0000000000841,16.999999999995907,8.0,0.0,0.0,9597.49494832786,-0.11586356710652088,1004911.8054693262,-0.0011065647691149774,6,signal,2026-09-29 23:00:00+00:00,173.7412525258361,173.7412525258361,,0.9999999999990905,0.7000000000005002,0.2,0.2,1002765.81,-0.0025236772675283348
v11_intraday_region,AUDUSD,-1,2026-09-30 00:00:00+00:00,2026-09-30 06:00:00+00:00,0.69881,0.6977300000000001,4000.0,440099.41968,677.7734399999811,759.5073600000028,56.58832000002164,25.1456,0.0,0.0,11191.895215409977,0.06055930894231064,1004911.8054693262,0.0006744606206347024,6,signal,2026-09-29 23:00:00+00:00,0.7165830378576397,0.7165830378576397,,0.9999999999998899,0.8000000000008001,0.2,0.2,1002765.81,-0.0025236772675283348
v11_intraday_region,GBPJPY,1,2026-09-30 00:00:00+00:00,2026-09-30 06:00:00+00:00,208.28400000000002,207.792,1000.0,208274.09544,-492.00000000001864,-460.50000000001523,27.50000000000341,4.0,0.0,0.0,5730.705997382423,-0.08585329629974844,1004911.8054693262,-0.0004895952036012143,6,signal,2026-09-29 23:00:00+00:00,202.5532940026176,202.5532940026176,,1.9000000000005457,3.6000000000001364,0.2,0.2,1002765.81,-0.0025236772675283348
v11_intraday_region,NZDUSD,-1,2026-09-30 00:00:00+00:00,2026-09-30 06:00:00+00:00,0.5638950000000001,0.564975,4000.0,355154.41944,-677.7734399999114,-577.1910399999756,75.43679999993586,25.1456,0.0,0.0,11463.77129679147,-0.059123077602709115,1004911.8054693262,-0.0006744606206346331,6,signal,2026-09-29 23:00:00+00:00,0.5820997845630884,0.5820997845630884,,1.1999999999989797,1.1999999999989797,0.2,0.2,1002765.81,-0.0025236772675283348
