strategy,pair,params,train_n_trades,train_net_return,train_sharpe,train_profit_factor,train_max_drawdown,train_win_rate,train_cost_ratio,validation_n_trades,validation_net_return,validation_sharpe,validation_profit_factor,validation_max_drawdown,validation_win_rate,validation_cost_ratio
trend_ema_adx,USDJPY,"{""adx_min"": 0, ""fast"": 20, ""slow"": 100}",656,-0.088754,-0.128509,0.937673,-0.227477,0.315549,2.111911,252,-0.020099,-0.06074,0.968017,-0.09898,0.281746,1.026027
trend_ema_adx,USDJPY,"{""adx_min"": 20, ""fast"": 20, ""slow"": 100}",430,-0.135064,-0.301997,0.857455,-0.204012,0.327907,,133,0.002925,0.044551,1.008802,-0.093396,0.308271,0.72346
trend_ema_adx,USDJPY,"{""adx_min"": 0, ""fast"": 20, ""slow"": 200}",493,-0.211599,-0.431785,0.795081,-0.289475,0.298174,,185,0.028287,0.187713,1.060663,-0.07021,0.297297,0.46043
trend_ema_adx,USDJPY,"{""adx_min"": 20, ""fast"": 20, ""slow"": 200}",366,-0.291908,-0.887923,0.626125,-0.317801,0.29235,,120,-0.005259,-0.016424,0.981298,-0.062942,0.316667,0.869399
trend_ema_adx,USDJPY,"{""adx_min"": 0, ""fast"": 50, ""slow"": 100}",459,-0.117128,-0.23872,0.88695,-0.260925,0.313725,,176,0.0593,0.348285,1.13229,-0.082145,0.335227,0.353324
trend_ema_adx,USDJPY,"{""adx_min"": 20, ""fast"": 50, ""slow"": 100}",356,-0.168064,-0.436507,0.796019,-0.232043,0.317416,,124,0.052607,0.359231,1.179785,-0.06144,0.379032,0.295262
trend_ema_adx,USDJPY,"{""adx_min"": 0, ""fast"": 50, ""slow"": 200}",340,-0.229265,-0.67837,0.707142,-0.264037,0.273529,,119,0.147897,0.8996,1.461428,-0.055928,0.361345,0.140098
trend_ema_adx,USDJPY,"{""adx_min"": 20, ""fast"": 50, ""slow"": 200}",275,-0.210366,-0.690032,0.674536,-0.268251,0.287273,,94,0.106405,0.735858,1.430889,-0.051972,0.361702,0.148686
trend_ema_adx,EURUSD,"{""adx_min"": 0, ""fast"": 20, ""slow"": 100}",705,-0.106597,-0.179299,0.932096,-0.312625,0.329078,6.678978,210,0.128264,0.709819,1.237586,-0.079846,0.352381,0.213483
trend_ema_adx,EURUSD,"{""adx_min"": 20, ""fast"": 20, ""slow"": 100}",488,-0.095112,-0.19605,0.91766,-0.195244,0.321721,,131,-0.044919,-0.322743,0.865961,-0.108818,0.320611,
trend_ema_adx,EURUSD,"{""adx_min"": 0, ""fast"": 20, ""slow"": 200}",461,0.261583,0.513932,1.224412,-0.110442,0.373102,0.184298,152,0.099659,0.603724,1.263867,-0.056917,0.348684,0.202515
trend_ema_adx,EURUSD,"{""adx_min"": 20, ""fast"": 20, ""slow"": 200}",364,0.111102,0.277916,1.126279,-0.095247,0.365385,0.269743,105,0.055156,0.433729,1.199836,-0.05997,0.333333,0.233967
trend_ema_adx,EURUSD,"{""adx_min"": 0, ""fast"": 50, ""slow"": 100}",444,-0.053497,-0.098163,0.947737,-0.146883,0.342342,2.643588,132,0.095185,0.615532,1.285335,-0.054314,0.356061,0.189245
trend_ema_adx,EURUSD,"{""adx_min"": 20, ""fast"": 50, ""slow"": 100}",352,-0.071552,-0.162672,0.916217,-0.136595,0.340909,,100,0.075366,0.566084,1.294464,-0.053526,0.36,0.179446
trend_ema_adx,EURUSD,"{""adx_min"": 0, ""fast"": 50, ""slow"": 200}",298,0.071222,0.19927,1.090323,-0.059611,0.342282,0.325036,112,-0.036412,-0.280288,0.890668,-0.085222,0.303571,
trend_ema_adx,EURUSD,"{""adx_min"": 20, ""fast"": 50, ""slow"": 200}",260,0.035493,0.120453,1.055486,-0.08888,0.35,0.412329,88,-0.043188,-0.38179,0.831456,-0.097205,0.272727,
trend_ema_adx,EURJPY,"{""adx_min"": 0, ""fast"": 20, ""slow"": 100}",720,0.098829,0.194999,1.067584,-0.174352,0.316667,0.424025,247,0.063428,0.313084,1.055056,-0.15695,0.291498,0.46721
trend_ema_adx,EURJPY,"{""adx_min"": 20, ""fast"": 20, ""slow"": 100}",456,0.015166,0.058303,1.013053,-0.173136,0.320175,0.658761,155,-0.05018,-0.301705,0.874938,-0.132108,0.283871,
trend_ema_adx,EURJPY,"{""adx_min"": 0, ""fast"": 20, ""slow"": 200}",467,-0.099743,-0.197272,0.916551,-0.230235,0.304069,,184,-0.055873,-0.30143,0.885516,-0.11535,0.309783,
trend_ema_adx,EURJPY,"{""adx_min"": 20, ""fast"": 20, ""slow"": 200}",345,-0.037129,-0.071016,0.958194,-0.173344,0.298551,1.600333,132,-0.086301,-0.618126,0.740588,-0.103567,0.295455,
trend_ema_adx,EURJPY,"{""adx_min"": 0, ""fast"": 50, ""slow"": 100}",426,-0.026107,-0.032601,0.974753,-0.16824,0.328638,1.070164,149,-0.008597,-0.03223,0.977596,-0.055689,0.348993,0.891378
trend_ema_adx,EURJPY,"{""adx_min"": 20, ""fast"": 50, ""slow"": 100}",295,0.044022,0.133277,1.061519,-0.11441,0.352542,0.43987,113,-0.024879,-0.166897,0.917488,-0.080387,0.327434,3.291411
trend_ema_adx,EURJPY,"{""adx_min"": 0, ""fast"": 50, ""slow"": 200}",335,-0.063552,-0.135654,0.928993,-0.159157,0.301493,12.703575,117,-0.044992,-0.299161,0.860674,-0.067875,0.307692,
trend_ema_adx,EURJPY,"{""adx_min"": 20, ""fast"": 50, ""slow"": 200}",270,0.013312,0.055419,1.018026,-0.104521,0.314815,0.623132,81,-0.046731,-0.384193,0.793764,-0.080757,0.308642,
trend_ema_adx,GBPUSD,"{""adx_min"": 0, ""fast"": 20, ""slow"": 100}",688,-0.180106,-0.339161,0.879437,-0.235322,0.305233,,247,-0.09878,-0.534574,0.84248,-0.191596,0.275304,
trend_ema_adx,GBPUSD,"{""adx_min"": 20, ""fast"": 20, ""slow"": 100}",470,-0.084708,-0.172172,0.921397,-0.208058,0.310638,3.953482,151,-0.099937,-0.717442,0.739473,-0.122786,0.271523,
trend_ema_adx,GBPUSD,"{""adx_min"": 0, ""fast"": 20, ""slow"": 200}",516,-0.151528,-0.320242,0.872971,-0.222948,0.310078,,172,-0.057851,-0.357377,0.866255,-0.157167,0.27907,
trend_ema_adx,GBPUSD,"{""adx_min"": 20, ""fast"": 20, ""slow"": 200}",389,-0.159236,-0.411498,0.823834,-0.203154,0.311054,,110,-0.045176,-0.331453,0.839253,-0.147529,0.254545,
trend_ema_adx,GBPUSD,"{""adx_min"": 0, ""fast"": 50, ""slow"": 100}",461,-0.266129,-0.70673,0.730874,-0.296471,0.301518,,164,-0.014172,-0.062007,0.965943,-0.136219,0.292683,1.215695
trend_ema_adx,GBPUSD,"{""adx_min"": 20, ""fast"": 50, ""slow"": 100}",371,-0.219514,-0.634338,0.732905,-0.239246,0.309973,,123,-0.037804,-0.246001,0.882951,-0.119784,0.276423,
trend_ema_adx,GBPUSD,"{""adx_min"": 0, ""fast"": 50, ""slow"": 200}",344,-0.113091,-0.304515,0.858679,-0.160037,0.325581,,108,0.038496,0.314415,1.147575,-0.082892,0.361111,0.31802
trend_ema_adx,GBPUSD,"{""adx_min"": 20, ""fast"": 50, ""slow"": 200}",260,-0.115826,-0.382148,0.812509,-0.172386,0.315385,,77,-0.009449,-0.075846,0.947031,-0.079445,0.337662,1.583295
trend_ema_adx,AUDUSD,"{""adx_min"": 0, ""fast"": 20, ""slow"": 100}",743,-0.023164,-0.007283,0.987913,-0.221757,0.323015,0.920424,246,-0.032903,-0.136602,0.950829,-0.159465,0.304878,1.333785
trend_ema_adx,AUDUSD,"{""adx_min"": 20, ""fast"": 20, ""slow"": 100}",487,-0.076583,-0.145367,0.938155,-0.199437,0.320329,1.775412,153,-0.014432,-0.066453,0.965161,-0.149513,0.30719,1.099562
trend_ema_adx,AUDUSD,"{""adx_min"": 0, ""fast"": 20, ""slow"": 200}",546,-0.002909,0.022622,0.997856,-0.116407,0.29304,0.839001,188,0.057493,0.340365,1.1078,-0.124515,0.271277,0.455965
trend_ema_adx,AUDUSD,"{""adx_min"": 20, ""fast"": 20, ""slow"": 200}",370,-0.025987,-0.039125,0.97077,-0.146651,0.294595,1.103991,124,-0.023947,-0.148843,0.931186,-0.127542,0.25,1.898392
trend_ema_adx,AUDUSD,"{""adx_min"": 0, ""fast"": 50, ""slow"": 100}",479,-0.058046,-0.101235,0.950783,-0.175227,0.304802,1.463801,157,0.105488,0.626689,1.257891,-0.047872,0.33121,0.316281
trend_ema_adx,AUDUSD,"{""adx_min"": 20, ""fast"": 50, ""slow"": 100}",365,-0.02117,-0.028519,0.976795,-0.146795,0.29863,1.012936,124,0.03121,0.236564,1.093861,-0.084101,0.290323,0.506759
trend_ema_adx,AUDUSD,"{""adx_min"": 0, ""fast"": 50, ""slow"": 200}",350,-0.030279,-0.05374,0.965977,-0.132833,0.311429,1.130937,108,0.076131,0.536691,1.256239,-0.09038,0.398148,0.28877
trend_ema_adx,AUDUSD,"{""adx_min"": 20, ""fast"": 50, ""slow"": 200}",286,-0.001183,0.017058,0.99835,-0.104039,0.314685,0.79798,86,0.029091,0.252734,1.123049,-0.109273,0.372093,0.43035
trend_donchian,USDJPY,"{""n"": 48, ""sl_atr"": 3.0}",817,0.039748,0.094147,1.026839,-0.23694,0.339045,0.474182,266,0.0756,0.353379,1.084942,-0.078914,0.323308,0.28531
trend_donchian,USDJPY,"{""n"": 48, ""sl_atr"": 5.0}",765,-0.030852,-0.048961,0.97991,-0.172158,0.372549,0.812116,245,0.048129,0.353853,1.093652,-0.058702,0.355102,0.230446
trend_donchian,USDJPY,"{""n"": 120, ""sl_atr"": 3.0}",418,0.084907,0.159363,1.068627,-0.158694,0.246411,0.290554,143,-0.08815,-0.380884,0.768809,-0.14147,0.251748,
trend_donchian,USDJPY,"{""n"": 120, ""sl_atr"": 5.0}",360,0.010424,0.047957,1.01989,-0.107626,0.302778,0.339099,126,-0.055766,-0.387975,0.779614,-0.09194,0.293651,
trend_donchian,USDJPY,"{""n"": 240, ""sl_atr"": 3.0}",243,0.143466,0.243709,1.155156,-0.137807,0.201646,0.158126,96,-0.195424,-1.079636,0.403116,-0.24842,0.177083,
trend_donchian,USDJPY,"{""n"": 240, ""sl_atr"": 5.0}",207,0.020994,0.073795,1.038465,-0.108584,0.246377,0.24782,75,-0.119815,-0.999412,0.452427,-0.14837,0.226667,
trend_donchian,EURUSD,"{""n"": 48, ""sl_atr"": 3.0}",834,-0.280988,-0.497643,0.852655,-0.336773,0.31295,,264,0.112779,0.539144,1.154694,-0.110535,0.371212,0.196812
trend_donchian,EURUSD,"{""n"": 48, ""sl_atr"": 5.0}",782,-0.240041,-0.685409,0.811655,-0.293408,0.342711,,244,0.062718,0.476056,1.147645,-0.073093,0.422131,0.169074
trend_donchian,EURUSD,"{""n"": 120, ""sl_atr"": 3.0}",422,-0.204501,-0.375371,0.836543,-0.244218,0.272512,,145,-0.021299,-0.07622,0.953002,-0.090233,0.282759,1.110238
trend_donchian,EURUSD,"{""n"": 120, ""sl_atr"": 5.0}",371,-0.145688,-0.426368,0.81593,-0.15758,0.331536,,125,-0.022013,-0.15931,0.921615,-0.071107,0.336,43.694304
trend_donchian,EURUSD,"{""n"": 240, ""sl_atr"": 3.0}",232,0.00963,0.048187,1.011757,-0.175016,0.232759,0.286199,90,-0.067863,-0.33432,0.79866,-0.103779,0.188889,
trend_donchian,EURUSD,"{""n"": 240, ""sl_atr"": 5.0}",200,-0.029643,-0.06865,0.943838,-0.111016,0.295,1.007861,73,-0.050988,-0.395078,0.775513,-0.067388,0.232877,
trend_donchian,EURJPY,"{""n"": 48, ""sl_atr"": 3.0}",790,0.200058,0.322357,1.104712,-0.118916,0.350633,0.260219,271,0.066388,0.314244,1.061526,-0.095727,0.328413,0.358389
trend_donchian,EURJPY,"{""n"": 48, ""sl_atr"": 5.0}",741,0.105388,0.283171,1.097425,-0.07995,0.388664,0.234978,256,0.022911,0.182166,1.023383,-0.075037,0.363281,0.411148
trend_donchian,EURJPY,"{""n"": 120, ""sl_atr"": 3.0}",391,0.234955,0.371652,1.170071,-0.178946,0.29156,0.159443,141,-0.066482,-0.290025,0.834573,-0.137474,0.283688,
trend_donchian,EURJPY,"{""n"": 120, ""sl_atr"": 5.0}",336,0.181842,0.446384,1.227883,-0.095393,0.360119,0.101211,130,-0.083094,-0.628399,0.714272,-0.118718,0.330769,
trend_donchian,EURJPY,"{""n"": 240, ""sl_atr"": 3.0}",235,0.132566,0.247388,1.155816,-0.14593,0.234043,0.145461,77,0.011112,0.086684,1.020586,-0.119723,0.233766,0.325986
trend_donchian,EURJPY,"{""n"": 240, ""sl_atr"": 5.0}",201,0.026648,0.094171,1.052403,-0.099827,0.293532,0.199005,66,-0.021942,-0.15932,0.869826,-0.07929,0.272727,
trend_donchian,GBPUSD,"{""n"": 48, ""sl_atr"": 3.0}",846,-0.237298,-0.406564,0.867982,-0.255315,0.316785,,274,-0.075156,-0.349076,0.896149,-0.150158,0.335766,
trend_donchian,GBPUSD,"{""n"": 48, ""sl_atr"": 5.0}",787,-0.203961,-0.569998,0.823882,-0.219577,0.355781,,248,-0.017729,-0.126181,0.959539,-0.081602,0.395161,1.41235
trend_donchian,GBPUSD,"{""n"": 120, ""sl_atr"": 3.0}",454,-0.256261,-0.498981,0.778013,-0.301235,0.235683,,149,-0.144974,-0.785993,0.674304,-0.17722,0.234899,
trend_donchian,GBPUSD,"{""n"": 120, ""sl_atr"": 5.0}",378,-0.105452,-0.287017,0.867148,-0.127176,0.309524,,128,-0.112878,-0.977408,0.616042,-0.123257,0.289062,
trend_donchian,GBPUSD,"{""n"": 240, ""sl_atr"": 3.0}",290,-0.237124,-0.460181,0.734636,-0.261223,0.168966,,92,-0.079361,-0.399475,0.762344,-0.118623,0.184783,
trend_donchian,GBPUSD,"{""n"": 240, ""sl_atr"": 5.0}",219,-0.067468,-0.177019,0.876588,-0.109582,0.287671,,80,-0.083256,-0.715831,0.664247,-0.106857,0.2625,
trend_donchian,AUDUSD,"{""n"": 48, ""sl_atr"": 3.0}",872,-0.347721,-0.67659,0.818208,-0.401987,0.308486,,288,-0.030885,-0.105138,0.961069,-0.161257,0.319444,1.25686
trend_donchian,AUDUSD,"{""n"": 48, ""sl_atr"": 5.0}",821,-0.274828,-0.85066,0.778381,-0.303247,0.334957,,270,-0.048975,-0.346785,0.900851,-0.104559,0.344444,
trend_donchian,AUDUSD,"{""n"": 120, ""sl_atr"": 3.0}",438,-0.204,-0.37822,0.851294,-0.306597,0.253425,,156,-0.091404,-0.441055,0.813287,-0.167498,0.282051,
trend_donchian,AUDUSD,"{""n"": 120, ""sl_atr"": 5.0}",374,-0.140124,-0.400319,0.836366,-0.183774,0.318182,,128,-0.042975,-0.29617,0.875225,-0.107935,0.367188,
trend_donchian,AUDUSD,"{""n"": 240, ""sl_atr"": 3.0}",253,-0.08912,-0.150715,0.890824,-0.190022,0.237154,,97,-0.143784,-0.737093,0.578541,-0.207829,0.226804,
trend_donchian,AUDUSD,"{""n"": 240, ""sl_atr"": 5.0}",210,-0.07929,-0.233498,0.856026,-0.125279,0.309524,,73,-0.046406,-0.350287,0.78347,-0.088869,0.328767,
trend_tsmom,USDJPY,"{""lookback"": 120, ""z_min"": 0.5}",206,-0.041454,-0.145847,0.929074,-0.076607,0.291262,,72,-0.107232,-1.094113,0.478698,-0.138978,0.236111,
trend_tsmom,USDJPY,"{""lookback"": 120, ""z_min"": 1.0}",115,0.000299,0.012706,1.013631,-0.064921,0.330435,0.304358,37,-0.030336,-0.418186,0.67566,-0.068102,0.324324,
trend_tsmom,USDJPY,"{""lookback"": 480, ""z_min"": 0.5}",149,0.105066,0.415624,1.278096,-0.063368,0.409396,0.069401,49,-0.039875,-0.457452,0.669212,-0.079402,0.346939,
trend_tsmom,USDJPY,"{""lookback"": 480, ""z_min"": 1.0}",77,0.036732,0.206009,1.199517,-0.064248,0.415584,0.084844,30,-0.050365,-0.861476,0.439181,-0.068074,0.266667,
trend_tsmom,EURUSD,"{""lookback"": 120, ""z_min"": 0.5}",198,0.001468,0.020706,0.989256,-0.087355,0.378788,0.3529,75,-0.074583,-0.74645,0.686903,-0.09028,0.266667,
trend_tsmom,EURUSD,"{""lookback"": 120, ""z_min"": 1.0}",124,-0.03231,-0.132033,0.895599,-0.075279,0.362903,,40,-0.03666,-0.487413,0.697988,-0.065334,0.225,
trend_tsmom,EURUSD,"{""lookback"": 480, ""z_min"": 0.5}",146,0.021485,0.09613,1.054121,-0.081783,0.376712,0.149971,53,-0.003097,-0.023163,0.976852,-0.034262,0.415094,0.977943
trend_tsmom,EURUSD,"{""lookback"": 480, ""z_min"": 1.0}",90,-0.061573,-0.318772,0.763585,-0.107864,0.322222,,28,0.005631,0.099535,1.076619,-0.035245,0.428571,0.138394
trend_tsmom,EURJPY,"{""lookback"": 120, ""z_min"": 0.5}",198,-0.10197,-0.405166,0.785576,-0.116984,0.328283,,73,-0.039722,-0.406202,0.785503,-0.096412,0.273973,
trend_tsmom,EURJPY,"{""lookback"": 120, ""z_min"": 1.0}",110,0.032003,0.170349,1.157897,-0.050389,0.372727,0.112071,44,-0.092239,-1.343315,0.340033,-0.125248,0.204545,
trend_tsmom,EURJPY,"{""lookback"": 480, ""z_min"": 0.5}",147,0.081697,0.343253,1.237254,-0.074514,0.435374,0.078256,56,-0.042668,-0.465176,0.712176,-0.078878,0.303571,
trend_tsmom,EURJPY,"{""lookback"": 480, ""z_min"": 1.0}",82,0.01605,0.103046,1.110527,-0.046572,0.439024,0.136843,21,0.027487,0.385887,1.539697,-0.023258,0.47619,0.044841
trend_tsmom,GBPUSD,"{""lookback"": 120, ""z_min"": 0.5}",195,0.036029,0.143436,1.062576,-0.077898,0.358974,0.198382,70,-0.071781,-0.830334,0.638307,-0.104605,0.285714,
trend_tsmom,GBPUSD,"{""lookback"": 120, ""z_min"": 1.0}",114,0.041446,0.195859,1.156811,-0.052198,0.368421,0.115811,41,-0.048698,-0.766758,0.557993,-0.059562,0.268293,
trend_tsmom,GBPUSD,"{""lookback"": 480, ""z_min"": 0.5}",176,-0.088718,-0.352904,0.805935,-0.120651,0.295455,,54,-0.078592,-1.12973,0.501032,-0.084995,0.222222,
trend_tsmom,GBPUSD,"{""lookback"": 480, ""z_min"": 1.0}",89,-0.043508,-0.228962,0.82804,-0.072996,0.292135,,27,-0.017915,-0.292796,0.755506,-0.038368,0.296296,
trend_tsmom,AUDUSD,"{""lookback"": 120, ""z_min"": 0.5}",190,0.035184,0.149008,1.075136,-0.059706,0.373684,0.255347,66,-0.003446,-0.02081,0.978401,-0.057183,0.378788,0.690202
trend_tsmom,AUDUSD,"{""lookback"": 120, ""z_min"": 1.0}",115,0.049109,0.261644,1.181554,-0.035609,0.426087,0.137772,41,-0.035011,-0.465733,0.659075,-0.071015,0.365854,
trend_tsmom,AUDUSD,"{""lookback"": 480, ""z_min"": 0.5}",156,-0.074661,-0.318175,0.8184,-0.130171,0.352564,,54,0.053653,0.574132,1.39993,-0.032226,0.444444,0.094052
trend_tsmom,AUDUSD,"{""lookback"": 480, ""z_min"": 1.0}",82,-0.027614,-0.152968,0.851188,-0.054215,0.353659,,27,0.016224,0.267938,1.336633,-0.037401,0.444444,0.102245
mr_rsi_bb,USDJPY,"{""bb_k"": 2.0, ""rsi_lo"": 25}",142,-0.152258,-0.893344,0.599403,-0.15769,0.387324,,65,-0.060883,-0.857879,0.654457,-0.078445,0.415385,
mr_rsi_bb,USDJPY,"{""bb_k"": 2.5, ""rsi_lo"": 25}",129,-0.145747,-0.870296,0.593085,-0.150802,0.372093,,56,-0.043966,-0.642956,0.706255,-0.066271,0.428571,
mr_rsi_bb,USDJPY,"{""bb_k"": 2.0, ""rsi_lo"": 30}",498,-0.240453,-0.818657,0.790403,-0.265733,0.449799,,201,-0.031594,-0.224578,0.935249,-0.088045,0.497512,2.181834
mr_rsi_bb,USDJPY,"{""bb_k"": 2.5, ""rsi_lo"": 30}",374,-0.184469,-0.669551,0.80487,-0.22981,0.435829,,160,0.00207,0.037055,1.005356,-0.063867,0.50625,0.772304
mr_rsi_bb,EURUSD,"{""bb_k"": 2.0, ""rsi_lo"": 25}",154,-0.138452,-0.811142,0.629752,-0.148324,0.422078,,48,0.017682,0.305578,1.187077,-0.023837,0.541667,0.306969
mr_rsi_bb,EURUSD,"{""bb_k"": 2.5, ""rsi_lo"": 25}",140,-0.145357,-0.912921,0.582451,-0.154077,0.4,,42,-0.004203,-0.073163,0.950479,-0.024044,0.52381,1.804452
mr_rsi_bb,EURUSD,"{""bb_k"": 2.0, ""rsi_lo"": 30}",505,-0.198101,-0.634855,0.804837,-0.256185,0.475248,,180,-0.075485,-0.699228,0.804979,-0.111063,0.477778,
mr_rsi_bb,EURUSD,"{""bb_k"": 2.5, ""rsi_lo"": 30}",430,-0.255009,-0.937159,0.714643,-0.275697,0.448837,,147,-0.048871,-0.483656,0.844478,-0.089298,0.482993,
mr_rsi_bb,EURJPY,"{""bb_k"": 2.0, ""rsi_lo"": 25}",135,-0.104661,-0.637766,0.684675,-0.136756,0.451852,,46,-0.054088,-0.945787,0.554573,-0.078615,0.413043,
mr_rsi_bb,EURJPY,"{""bb_k"": 2.5, ""rsi_lo"": 25}",112,-0.101131,-0.658501,0.645474,-0.130237,0.428571,,38,-0.053148,-0.957355,0.507802,-0.071299,0.368421,
mr_rsi_bb,EURJPY,"{""bb_k"": 2.0, ""rsi_lo"": 30}",478,-0.198965,-0.680196,0.801989,-0.24979,0.476987,,172,-0.079705,-0.704335,0.800561,-0.123811,0.488372,
mr_rsi_bb,EURJPY,"{""bb_k"": 2.5, ""rsi_lo"": 30}",379,-0.110995,-0.382563,0.869543,-0.16386,0.485488,,123,-0.054053,-0.558214,0.814017,-0.079667,0.479675,
mr_rsi_bb,GBPUSD,"{""bb_k"": 2.0, ""rsi_lo"": 25}",156,-0.137686,-0.873924,0.614442,-0.188608,0.410256,,61,-0.051541,-0.835895,0.668412,-0.063812,0.42623,
mr_rsi_bb,GBPUSD,"{""bb_k"": 2.5, ""rsi_lo"": 25}",138,-0.147887,-1.005276,0.544463,-0.181637,0.384058,,51,-0.028371,-0.47451,0.77232,-0.043615,0.45098,
mr_rsi_bb,GBPUSD,"{""bb_k"": 2.0, ""rsi_lo"": 30}",542,-0.115209,-0.351378,0.904664,-0.194508,0.49262,10.568373,192,0.018318,0.175558,1.043371,-0.057473,0.526042,0.654656
mr_rsi_bb,GBPUSD,"{""bb_k"": 2.5, ""rsi_lo"": 30}",445,-0.032136,-0.089953,0.968035,-0.163773,0.505618,1.259694,156,-0.013701,-0.113186,0.961535,-0.084986,0.50641,1.420823
mr_rsi_bb,AUDUSD,"{""bb_k"": 2.0, ""rsi_lo"": 25}",109,-0.087117,-0.596859,0.67131,-0.092759,0.440367,,44,-0.03016,-0.5043,0.729616,-0.0397,0.409091,
mr_rsi_bb,AUDUSD,"{""bb_k"": 2.5, ""rsi_lo"": 25}",93,-0.093847,-0.734937,0.5999,-0.095469,0.430108,,37,-0.018025,-0.31568,0.80394,-0.041429,0.405405,
mr_rsi_bb,AUDUSD,"{""bb_k"": 2.0, ""rsi_lo"": 30}",439,-0.166359,-0.583752,0.825042,-0.178061,0.480638,,174,-0.129397,-1.251901,0.69009,-0.138536,0.431034,
mr_rsi_bb,AUDUSD,"{""bb_k"": 2.5, ""rsi_lo"": 30}",327,-0.174096,-0.709825,0.757879,-0.185732,0.461774,,115,-0.048824,-0.522691,0.819941,-0.073899,0.443478,
mr_zscore,USDJPY,"{""n"": 24, ""z"": 2.0}",1070,-0.54066,-1.842704,0.686119,-0.543377,0.465421,,348,-0.126998,-0.946128,0.820157,-0.169153,0.534483,
mr_zscore,USDJPY,"{""n"": 24, ""z"": 2.5}",649,-0.380821,-1.434786,0.682687,-0.39042,0.453005,,213,-0.119842,-1.049067,0.74293,-0.146642,0.497653,
mr_zscore,USDJPY,"{""n"": 72, ""z"": 2.0}",544,-0.112382,-0.279875,0.922405,-0.184088,0.422794,,190,-0.017723,-0.104745,0.967398,-0.060871,0.415789,1.29465
mr_zscore,USDJPY,"{""n"": 72, ""z"": 2.5}",305,-0.098134,-0.325748,0.878968,-0.130801,0.419672,,99,0.007899,0.094804,1.027955,-0.05556,0.414141,0.498727
mr_zscore,EURUSD,"{""n"": 24, ""z"": 2.0}",1021,-0.337528,-1.026679,0.799316,-0.361742,0.515181,,350,-0.174636,-1.465418,0.746673,-0.186464,0.502857,
mr_zscore,EURUSD,"{""n"": 24, ""z"": 2.5}",608,-0.301012,-1.11943,0.72232,-0.315464,0.480263,,204,-0.119281,-1.222228,0.71603,-0.142448,0.485294,
mr_zscore,EURUSD,"{""n"": 72, ""z"": 2.0}",518,-0.141722,-0.378252,0.887825,-0.208929,0.420849,,179,-0.07191,-0.523868,0.850892,-0.154727,0.396648,
mr_zscore,EURUSD,"{""n"": 72, ""z"": 2.5}",277,-0.247141,-1.031069,0.656798,-0.254089,0.357401,,92,-0.07073,-0.789331,0.735827,-0.099076,0.380435,
mr_zscore,EURJPY,"{""n"": 24, ""z"": 2.0}",1064,-0.416385,-1.342972,0.760861,-0.42983,0.5,,350,-0.138231,-1.068985,0.803176,-0.161095,0.517143,
mr_zscore,EURJPY,"{""n"": 24, ""z"": 2.5}",625,-0.319057,-1.166269,0.729193,-0.32153,0.472,,209,-0.04195,-0.37173,0.900993,-0.08538,0.5311,
mr_zscore,EURJPY,"{""n"": 72, ""z"": 2.0}",502,-0.058098,-0.144319,0.955837,-0.161223,0.432271,3.185091,168,0.037186,0.309397,1.084099,-0.062458,0.470238,0.394334
mr_zscore,EURJPY,"{""n"": 72, ""z"": 2.5}",285,-0.09146,-0.30907,0.877629,-0.144433,0.407018,,91,0.01209,0.145864,1.050179,-0.03713,0.43956,0.471786
mr_zscore,GBPUSD,"{""n"": 24, ""z"": 2.0}",1085,-0.212005,-0.579903,0.891471,-0.260074,0.529954,,359,-0.070955,-0.50804,0.89246,-0.119605,0.537604,
mr_zscore,GBPUSD,"{""n"": 24, ""z"": 2.5}",657,-0.203346,-0.710402,0.834572,-0.253771,0.508371,,214,-0.040217,-0.339214,0.901944,-0.105141,0.53271,
mr_zscore,GBPUSD,"{""n"": 72, ""z"": 2.0}",533,-0.170689,-0.469262,0.878747,-0.236215,0.427767,,173,-0.029569,-0.227137,0.927534,-0.069067,0.416185,124.539649
mr_zscore,GBPUSD,"{""n"": 72, ""z"": 2.5}",266,-0.183142,-0.730368,0.742511,-0.230429,0.387218,,102,-0.026717,-0.246983,0.909777,-0.060495,0.382353,
mr_zscore,AUDUSD,"{""n"": 24, ""z"": 2.0}",1077,-0.305689,-0.889242,0.82855,-0.325899,0.527391,,368,-0.214597,-1.719861,0.698203,-0.227805,0.505435,
mr_zscore,AUDUSD,"{""n"": 24, ""z"": 2.5}",574,-0.2521,-0.973511,0.750397,-0.273462,0.505226,,197,-0.134976,-1.409038,0.688881,-0.137927,0.467005,
mr_zscore,AUDUSD,"{""n"": 72, ""z"": 2.0}",549,-0.166356,-0.459966,0.878352,-0.226398,0.428051,,167,-0.133895,-1.145066,0.721674,-0.158655,0.377246,
mr_zscore,AUDUSD,"{""n"": 72, ""z"": 2.5}",278,-0.149818,-0.56095,0.810132,-0.191925,0.384892,,96,-0.072471,-0.72652,0.740263,-0.102621,0.364583,
regime_switch,USDJPY,"{""adx_trend"": 25, ""brk"": 24}",688,-0.015316,0.004758,1.000928,-0.20202,0.354651,0.795205,276,-0.231944,-1.33066,0.681858,-0.264535,0.293478,
regime_switch,USDJPY,"{""adx_trend"": 25, ""brk"": 48}",603,0.033609,0.091432,1.029652,-0.193237,0.369818,0.605606,253,-0.213561,-1.243206,0.67871,-0.239078,0.300395,
regime_switch,USDJPY,"{""adx_trend"": 30, ""brk"": 24}",596,-0.068133,-0.109577,0.972255,-0.26762,0.347315,1.225378,237,-0.197093,-1.18202,0.687099,-0.231586,0.303797,
regime_switch,USDJPY,"{""adx_trend"": 30, ""brk"": 48}",546,-0.007769,0.010841,1.008158,-0.235804,0.364469,0.755599,226,-0.178912,-1.066594,0.70117,-0.213996,0.309735,
regime_switch,EURUSD,"{""adx_trend"": 25, ""brk"": 24}",706,0.024736,0.074776,1.01266,-0.145576,0.36119,0.605794,231,-0.174013,-1.091552,0.709841,-0.21346,0.298701,
regime_switch,EURUSD,"{""adx_trend"": 25, ""brk"": 48}",627,0.054314,0.130927,1.031064,-0.119842,0.371611,0.495523,196,-0.141991,-0.981856,0.718894,-0.176152,0.316327,
regime_switch,EURUSD,"{""adx_trend"": 30, ""brk"": 24}",609,-0.002121,0.024313,0.998769,-0.165238,0.364532,0.763259,182,-0.112112,-0.794243,0.753594,-0.173168,0.32967,
regime_switch,EURUSD,"{""adx_trend"": 30, ""brk"": 48}",556,0.040578,0.108203,1.025848,-0.135308,0.377698,0.537262,166,-0.091084,-0.669973,0.786497,-0.148142,0.331325,
regime_switch,EURJPY,"{""adx_trend"": 25, ""brk"": 24}",712,-0.158624,-0.299289,0.906068,-0.20552,0.367978,,223,-0.153677,-1.013558,0.755193,-0.170032,0.331839,
regime_switch,EURJPY,"{""adx_trend"": 25, ""brk"": 48}",632,-0.176868,-0.377341,0.883844,-0.213204,0.363924,,199,-0.1565,-1.126852,0.724528,-0.173154,0.326633,
regime_switch,EURJPY,"{""adx_trend"": 30, ""brk"": 24}",610,-0.256264,-0.594363,0.824579,-0.293246,0.355738,,185,-0.150649,-1.110878,0.714436,-0.164491,0.313514,
regime_switch,EURJPY,"{""adx_trend"": 30, ""brk"": 48}",570,-0.256814,-0.652534,0.812027,-0.296727,0.359649,,171,-0.166378,-1.371769,0.661089,-0.177638,0.309942,
regime_switch,GBPUSD,"{""adx_trend"": 25, ""brk"": 24}",715,-0.256564,-0.566682,0.842173,-0.299002,0.344056,,257,-0.142469,-0.820533,0.764623,-0.19966,0.322957,
regime_switch,GBPUSD,"{""adx_trend"": 25, ""brk"": 48}",644,-0.247214,-0.573303,0.837509,-0.282593,0.326087,,236,-0.127921,-0.759368,0.763659,-0.197698,0.330508,
regime_switch,GBPUSD,"{""adx_trend"": 30, ""brk"": 24}",614,-0.18591,-0.407916,0.879265,-0.230274,0.351792,,220,-0.1688,-1.058794,0.681956,-0.227823,0.322727,
regime_switch,GBPUSD,"{""adx_trend"": 30, ""brk"": 48}",564,-0.150765,-0.336941,0.899468,-0.18389,0.349291,,210,-0.146685,-0.931842,0.708912,-0.209821,0.333333,
regime_switch,AUDUSD,"{""adx_trend"": 25, ""brk"": 24}",700,-0.359757,-0.834715,0.759084,-0.38533,0.331429,,253,-0.197961,-1.277806,0.703704,-0.206339,0.300395,
regime_switch,AUDUSD,"{""adx_trend"": 25, ""brk"": 48}",625,-0.362022,-0.902568,0.727529,-0.39592,0.3232,,226,-0.151359,-0.99319,0.749666,-0.201743,0.309735,
regime_switch,AUDUSD,"{""adx_trend"": 30, ""brk"": 24}",594,-0.286378,-0.668581,0.794233,-0.3154,0.319865,,217,-0.172227,-1.143231,0.714446,-0.203038,0.308756,
regime_switch,AUDUSD,"{""adx_trend"": 30, ""brk"": 48}",550,-0.319644,-0.806952,0.745504,-0.356383,0.321818,,205,-0.145941,-0.978712,0.746295,-0.193757,0.317073,
mtf_pullback,USDJPY,"{""rsi_th"": 35, ""tp_atr"": 2.0}",94,-0.028048,-0.192492,0.8805,-0.055155,0.468085,,31,-0.025019,-0.552385,0.710608,-0.046998,0.419355,
mtf_pullback,USDJPY,"{""rsi_th"": 35, ""tp_atr"": 3.0}",94,0.010479,0.069593,1.039965,-0.048993,0.414894,0.577167,31,-0.063278,-1.282162,0.424349,-0.069722,0.258065,
mtf_pullback,USDJPY,"{""rsi_th"": 40, ""tp_atr"": 2.0}",285,-0.13647,-0.569422,0.805764,-0.171459,0.452632,,96,-0.092545,-1.152045,0.652367,-0.119383,0.395833,
mtf_pullback,USDJPY,"{""rsi_th"": 40, ""tp_atr"": 3.0}",279,-0.11649,-0.395614,0.851664,-0.1475,0.376344,,93,-0.096949,-1.07315,0.666102,-0.121083,0.322581,
mtf_pullback,EURUSD,"{""rsi_th"": 35, ""tp_atr"": 2.0}",90,-0.014181,-0.093875,0.937035,-0.059451,0.488889,,43,0.02066,0.380239,1.223555,-0.01942,0.55814,0.236284
mtf_pullback,EURUSD,"{""rsi_th"": 35, ""tp_atr"": 3.0}",89,-0.002398,-0.004782,0.990718,-0.053286,0.404494,0.99754,43,-0.004984,-0.065318,0.95875,-0.029943,0.418605,2.427496
mtf_pullback,EURUSD,"{""rsi_th"": 40, ""tp_atr"": 2.0}",275,-0.026838,-0.100042,0.959504,-0.113081,0.494545,1.960001,100,-0.092702,-1.151952,0.663632,-0.10836,0.4,
mtf_pullback,EURUSD,"{""rsi_th"": 40, ""tp_atr"": 3.0}",269,-0.057943,-0.191596,0.925095,-0.134996,0.386617,,97,-0.080905,-0.86919,0.727972,-0.093067,0.340206,
mtf_pullback,EURJPY,"{""rsi_th"": 35, ""tp_atr"": 2.0}",97,-0.081922,-0.581643,0.687975,-0.097838,0.412371,,31,-0.026245,-0.531288,0.698541,-0.034106,0.419355,
mtf_pullback,EURJPY,"{""rsi_th"": 35, ""tp_atr"": 3.0}",97,-0.096449,-0.578754,0.678663,-0.134638,0.329897,,31,-0.019495,-0.315002,0.798913,-0.033661,0.354839,
mtf_pullback,EURJPY,"{""rsi_th"": 40, ""tp_atr"": 2.0}",267,-0.157716,-0.678095,0.757024,-0.194413,0.445693,,115,-0.032282,-0.345575,0.890933,-0.071974,0.478261,
mtf_pullback,EURJPY,"{""rsi_th"": 40, ""tp_atr"": 3.0}",261,-0.106862,-0.377294,0.854113,-0.176152,0.37931,,109,-0.009415,-0.072096,0.97104,-0.080918,0.40367,1.117663
mtf_pullback,GBPUSD,"{""rsi_th"": 35, ""tp_atr"": 2.0}",110,0.002341,0.024063,1.008706,-0.067615,0.509091,0.805827,40,-0.06546,-1.321382,0.477141,-0.071612,0.325,
mtf_pullback,GBPUSD,"{""rsi_th"": 35, ""tp_atr"": 3.0}",110,-0.043887,-0.241961,0.868661,-0.083094,0.372727,,40,-0.088671,-1.564984,0.386963,-0.099084,0.225,
mtf_pullback,GBPUSD,"{""rsi_th"": 40, ""tp_atr"": 2.0}",299,-0.125576,-0.529348,0.826421,-0.153009,0.458194,,109,-0.136293,-1.637729,0.568641,-0.14074,0.366972,
mtf_pullback,GBPUSD,"{""rsi_th"": 40, ""tp_atr"": 3.0}",290,-0.115116,-0.402278,0.857003,-0.165312,0.368966,,106,-0.140397,-1.486071,0.589925,-0.158163,0.292453,
mtf_pullback,AUDUSD,"{""rsi_th"": 35, ""tp_atr"": 2.0}",101,0.009144,0.069879,1.037402,-0.042636,0.514851,0.73181,26,-0.07692,-1.793299,0.230841,-0.077025,0.192308,
mtf_pullback,AUDUSD,"{""rsi_th"": 35, ""tp_atr"": 3.0}",101,-0.024365,-0.122071,0.917711,-0.075543,0.386139,13.235538,26,-0.078391,-1.662535,0.25969,-0.078499,0.153846,
mtf_pullback,AUDUSD,"{""rsi_th"": 40, ""tp_atr"": 2.0}",303,-0.009235,-0.020693,0.987169,-0.078288,0.50165,1.103544,104,-0.156248,-1.8215,0.505358,-0.160032,0.346154,
mtf_pullback,AUDUSD,"{""rsi_th"": 40, ""tp_atr"": 3.0}",294,0.138592,0.422574,1.166822,-0.050467,0.442177,0.365136,102,-0.136341,-1.417858,0.59719,-0.144574,0.294118,
ml_logit,USDJPY,"{""horizon"": 12, ""th"": 0.55}",1876,-0.361563,-0.763712,0.889575,-0.392456,0.481876,,331,-0.127176,-1.013067,0.799037,-0.17669,0.462236,
ml_logit,USDJPY,"{""horizon"": 12, ""th"": 0.6}",344,-0.04984,-0.187651,0.927737,-0.126855,0.491279,,9,0.020205,0.872086,3.445487,-0.009005,0.777778,0.039598
ml_logit,EURUSD,"{""horizon"": 12, ""th"": 0.55}",1366,-0.270385,-0.66021,0.879698,-0.335855,0.47511,,587,-0.205011,-1.26359,0.809375,-0.220669,0.459966,
ml_logit,EURUSD,"{""horizon"": 12, ""th"": 0.6}",175,0.004969,0.038425,1.014644,-0.047586,0.491429,0.734808,28,0.007438,0.214736,1.140693,-0.015543,0.535714,0.329037
ml_logit,EURJPY,"{""horizon"": 12, ""th"": 0.55}",1693,-0.393542,-0.921393,0.857257,-0.416637,0.475487,,510,-0.042421,-0.269464,0.951031,-0.095901,0.507843,1.497765
ml_logit,EURJPY,"{""horizon"": 12, ""th"": 0.6}",181,0.02482,0.149811,1.07876,-0.048661,0.519337,0.446157,18,0.032193,1.200857,3.672491,-0.006806,0.777778,0.047751
ml_logit,GBPUSD,"{""horizon"": 12, ""th"": 0.55}",1015,-0.214869,-0.639694,0.870502,-0.231924,0.479803,,427,-0.135232,-1.001457,0.822647,-0.18526,0.454333,
ml_logit,GBPUSD,"{""horizon"": 12, ""th"": 0.6}",139,-0.027704,-0.234127,0.885492,-0.057861,0.496403,,27,-0.037135,-0.903461,0.440509,-0.046039,0.296296,
ml_logit,AUDUSD,"{""horizon"": 12, ""th"": 0.55}",1531,0.075191,0.172168,1.022897,-0.174861,0.506858,0.809064,712,-0.265467,-1.453074,0.796007,-0.270569,0.463483,
ml_logit,AUDUSD,"{""horizon"": 12, ""th"": 0.6}",202,0.040316,0.245215,1.10333,-0.04684,0.514851,0.547188,130,-0.032754,-0.395545,0.871642,-0.063624,0.476923,
ml_lgbm,USDJPY,"{""horizon"": 12, ""th"": 0.55}",2823,-0.151649,-0.206462,0.969142,-0.319767,0.509741,1.444882,1566,-0.438418,-2.004053,0.833462,-0.49039,0.472542,
ml_lgbm,USDJPY,"{""horizon"": 12, ""th"": 0.6}",1285,0.161603,0.345044,1.057439,-0.151216,0.515953,0.525858,620,-0.082957,-0.439642,0.933045,-0.162488,0.491935,2.987954
ml_lgbm,EURUSD,"{""horizon"": 12, ""th"": 0.55}",3011,-0.120864,-0.157112,0.974553,-0.238434,0.505148,1.244441,1755,-0.524477,-2.501301,0.782118,-0.546443,0.451282,
ml_lgbm,EURUSD,"{""horizon"": 12, ""th"": 0.6}",1273,-0.152991,-0.359457,0.929277,-0.205155,0.494108,9.389124,644,-0.244712,-1.491147,0.774933,-0.276633,0.448758,
ml_lgbm,EURJPY,"{""horizon"": 12, ""th"": 0.55}",2837,-0.506685,-1.02471,0.884636,-0.532466,0.484667,,1485,0.259251,0.923857,1.086765,-0.150479,0.53064,0.53546
ml_lgbm,EURJPY,"{""horizon"": 12, ""th"": 0.6}",1070,-0.108742,-0.248896,0.946272,-0.169044,0.488785,2.2625,435,0.052171,0.362065,1.065439,-0.082695,0.533333,0.604315
ml_lgbm,GBPUSD,"{""horizon"": 12, ""th"": 0.55}",2825,-0.332069,-0.602209,0.918161,-0.379874,0.496637,2.978288,1611,-0.315218,-1.286199,0.87477,-0.365337,0.478585,
ml_lgbm,GBPUSD,"{""horizon"": 12, ""th"": 0.6}",1112,-0.098287,-0.224207,0.949982,-0.126717,0.502698,1.618916,489,-0.141294,-0.868667,0.845707,-0.180366,0.478528,
ml_lgbm,AUDUSD,"{""horizon"": 12, ""th"": 0.55}",2823,-0.158835,-0.226682,0.965558,-0.238616,0.497343,1.239886,1723,-0.608602,-3.029861,0.728417,-0.609668,0.448056,
ml_lgbm,AUDUSD,"{""horizon"": 12, ""th"": 0.6}",1110,-0.19293,-0.496559,0.902221,-0.242509,0.48018,2.824842,738,-0.335673,-1.869325,0.738505,-0.353164,0.457995,
